frame_index_delta,score
0,-0.0006164509391967995
1,1.806434744342979
2,4.4646595584783
3,-0.006662853752656973
4,10.437861744039957
5,13.04405017996989
6,2.030061025007653
7,5.868488837664031
8,-0.02092708760984826
9,14.910601755552479
10,8.367040156199119
11,3.6256187814505796
12,27.94446579675653
13,0.004572629594371602
14,6.750697423145396
15,14.00776763833018
16,10.592789189027563
17,5.681144527032534
18,0.06550605872735202
19,-18.545503865167895
20,17.928885020488295
21,-25.012864212186088
22,27.26430408070984
23,-0.027611223059270162
24,-23.513139110715255
25,20.357087774560988
26,13.500155956291154
27,3.7232289259788756
28,-0.08604814244445047
29,-5.1005467701099425
30,-21.29996533792923
31,4.099387593264252
32,28.39949577565815
33,-0.021604638083740694
34,-24.3646293136768
35,29.719618392081525
36,-13.226553984096821
37,20.662473369080956
38,0.07763437794923914
39,-6.646309415707149
40,17.491396933366083
41,-17.102070010049758
42,-13.829320066494416
43,-0.018052046093291696
44,10.081566591210162
45,7.440512734723672
46,24.9893350114995
47,-7.1662917788021225
48,-0.01849115831066195
49,-10.22642988310946
50,22.064762496160636
51,-40.76085966453561
52,33.17594530477488
53,-0.009640748544875804
54,-28.60105573725957
55,20.768073688542685
56,-7.232182945589158
57,18.11062554776659
58,-0.036338395875424444
59,-29.43679981752234
60,5.468025066326877
61,32.3913817839396
62,-12.668066973766967
63,-0.061784272680574855
64,-14.504604387013138
65,-6.589554298625457
66,-16.9523773701958
67,-6.407239263735607
68,0.007906328094026463
69,21.04866485667137
70,16.11476604609069
71,-9.877473213485443
72,-38.08161855465322
73,-0.5377524378486289
74,-9.819512167176356
75,21.608585104364373
76,-33.87113511182524
77,29.63173604446515
78,-0.01070838514128098
79,-19.126094735239224
80,-10.953858980614715
81,-6.703840701924444
82,-17.442988270225204
83,-0.06114030850943104
84,10.635490060477933
85,-17.20723813706785
86,-8.688869719862321
87,12.038977175855894
88,0.046356680027575335
89,-9.023229160315289
90,16.299495139793102
91,-17.589120540957957
92,9.25603305787784
93,0.01811368867637851
94,-16.703782562352146
95,9.503113048201298
96,-11.471827172339149
97,-7.8475549740535095
98,-0.009618694031700833
99,-19.274572692652505
100,4.1841873619776875
101,-9.663681549818932
102,-8.853846380176424
103,-0.0583120577904715
104,6.862356261928036
105,-9.914789157662769
106,-4.112156022888218
107,-7.733791830212863
108,0.03497827734515501
109,-6.811255655727105
110,-3.9139044252394326
111,-3.357599574010383
112,-3.1460061874440295
113,-0.028356555166989695
114,-2.8520079003117225
115,-2.828107012202187
116,-2.268164984896632
117,-1.9555911714006773
118,0.028921226840620123
119,1.898727268865366
120,1.8070834291444013
121,1.9562368752265256
122,1.855531374063239
123,0.03515955551610861
124,2.0726789495611695
125,1.8780632600569516
126,2.0371422490946234
127,-1.9076537501787285
128,-0.03446428244659902
129,2.2074603273972717
130,2.0666887983837765
131,2.1579685269466395
132,2.304681170627134
133,0.01782081414067114
134,2.497956335576218
135,2.2679937970079793
136,2.238013310843554
137,-2.2642363626080915
138,0.013573823552391921
139,2.232743992818534
140,-2.127893071991021
141,2.044406362935552
142,2.138035917972616
143,0.007699361353705861
144,2.1488825089975445
145,2.176370248074187
146,2.10076263254843
147,2.198833324698028
148,0.010050320182549144
149,2.377905106077515
150,2.213317195081006
151,2.389088826030583
152,-2.304875855991283
153,0.03876570781267344
154,2.3355139124892235
155,2.3944320172669418
156,2.441649783392025
157,2.3569857060890955
158,-0.00877781422930942
159,2.4850748917156924
160,2.293692386533478
161,2.4494789544025197
162,-2.4436175506488595
163,-0.02053285725849587
164,2.5071874421607903
165,-2.4474328254517053
166,2.5269386862795873
167,-2.5044824349362487
168,-0.028774991450642915
169,2.6573493719929195
170,-2.446420048676382
171,2.6385207787590934
172,2.5548415544154843
173,-0.005441836096761252
174,2.685435501948835
175,-2.5567138029275793
176,2.5234282033897104
177,2.48347418317535
178,0.011203665485188155
179,2.526055398779846
180,2.427136356624218
181,-2.433451169239717
182,2.7372178139153567
183,0.0036663798068162037
184,2.5383787842649954
185,-2.5253933896005623
186,2.6805972221585344
187,2.5749228488723386
188,0.014812383743158785
189,2.7311413233850224
190,2.628745766485469
191,2.989209690405706
192,2.849090991940251
193,0.007520045670489858
194,3.045010480497934
195,3.014882437433328
196,3.241705959564994
197,3.1365528235154856
198,-0.006694226202859656
199,3.319309028805859
200,3.1969172404409276
201,3.403218933808385
202,3.2423965788509834
203,-0.046650646217975406
204,3.485322546834222
205,3.284588976374097
206,3.5772043178788704
207,3.383971756874504
208,0.03862647693188155
209,3.6231348757492734
210,3.4001093282684782
211,3.6040302275435563
212,3.558254784929619
213,-0.003352856949766446
214,3.7785958696486635
215,3.5903608410679015
216,3.806013672750632
217,3.6485118866073547
218,0.057784501790077505
219,3.797256391469495
220,3.6395465337736375
221,3.8749970066725186
222,3.6360500583594915
223,-0.019754886956347056
224,3.831005322211394
225,3.616347537952041
226,3.8954343145732393
227,3.6208429245103746
228,-0.053961731460014095
229,3.7810799608223107
230,3.562925466125513
231,3.8015778517783216
232,3.620416312696594
233,0.13286567036177854
234,3.8910801450218035
235,3.58910154245133
236,3.9494714344973554
237,3.8116817614507954
238,0.14351798074216257
239,4.314874354302763
240,3.8481170848981274
241,4.169953655289867
242,3.960653657100107
243,-0.04962891879677273
244,4.263131391784821
245,4.067979548519313
246,4.293541562223608
247,4.061444309842286
248,-0.008385187898773355
249,4.258968058380052
250,3.9825533540388522
251,4.287257032375505
252,4.105332059643523
253,-0.042157151507255894
254,4.341470423967577
255,3.8969957413342424
256,4.246880451832999
257,4.142896379942477
258,0.011622564532233126
259,4.181368412864355
260,4.065019206405014
261,3.994598277171778
262,4.075967568519419
263,-0.0007797569329056036
264,4.3957049774665915
265,3.9867303757148465
266,4.076150097382017
267,3.9233517487725416
268,-0.22638170058965817
269,3.990094551546102
270,3.8108058883573834
271,4.07800045618158
272,3.834259814643855
273,-0.05422607513971634
274,4.140769853730064
275,3.9545865942043292
276,4.094182543619845
277,3.9013708952671595
278,0.08938580917618257
279,4.18653522475676
280,3.81087686377739
281,4.012392206388238
282,3.9428055110508717
283,-0.11614077632490559
284,4.097738462336908
285,3.8613930273379675
286,4.062104447136793
287,-4.013138222832973
288,-0.0930752799652634
289,4.226777140349586
290,3.9150012500156404
291,4.160884246942857
292,-3.888612426781104
293,0.049813683072446026
294,3.9921424119867903
295,-3.9890998865518608
296,3.964013499850609
297,-3.825856805871653
298,-0.16431548833630522
299,4.009034974706514
300,3.5573273351046906
301,3.89509897764802
302,-3.837493645322513
303,0.27837530329050536
304,3.772420426575033
305,3.8673370929120847
306,-3.7487124776947787
307,3.9292154754991264
308,-0.10706159597359663
309,3.891819412009749
310,-3.892975630626525
311,3.9123470554943327
312,-3.6929898843784783
313,-0.10168905577978914
314,3.896520490844037
315,-3.800389346998663
316,3.4937321960523535
317,-3.9058717743649845
318,-0.003040380771910582
319,3.815274261353237
320,-3.722412692553712
321,3.8072148936612664
322,-3.7967327055699753
323,-0.07121315293900145
324,3.871891480558464
325,-3.8692704935823055
326,-4.164627952117554
327,-4.851599439284855
328,-0.08257392838379715
329,-3.9928032910557105
330,-4.511057861889007
331,3.6156651028666498
332,-3.73102578622464
333,-0.015837346145814103
334,9.470886297093243
335,2.9974872246247495
336,-10.456292843788587
337,9.173614927759246
338,0.004380527799272809
339,8.33825005546186
340,-6.154164996443358
341,-4.630563350337331
342,6.809622319190801
343,-0.011052468940163148
344,6.216893492191543
345,-6.18292444109353
346,4.395946093346823
347,-2.674332400309675
348,-0.0027322812008704583
349,2.4189065713418487
350,-2.6352066203189226
351,2.758763169435254
352,-2.878902974581422
353,-0.07373859910555534
354,2.762586572551794
355,-2.76590609754256
356,2.5699685993741506
357,-2.7478962328475216
358,-0.2935904467655636
359,2.620544419529779
360,-2.0003401812866564
361,2.252051688052683
362,-2.429347404634307
363,-0.2376388702028224
364,2.0501520613077107
365,-1.8630940357902068
366,1.909921721391863
367,-1.8593276386413842
368,0.4240452758700304
369,-1.559906058476038
370,-59.578479659277434
371,-2.5921311094375183
372,-3.066186707702326
373,0.03822130422926145
374,-3.4419853870265955
375,-3.525284394317426
376,-3.650195086998627
377,-3.3413339452831767
378,-0.012919711221701954
379,-3.1651444927051493
380,-2.6027329428210337
381,3.1290291191126745
382,3.8839272460290277
383,0.008068175541970792
384,4.479295136781598
385,3.962494995035551
386,3.32206318876523
387,3.3527060073019936
388,-0.012002472152869492
389,2.950999072840328
390,2.3491010520779967
391,3.760696612022677
392,4.883086246300217
393,-0.011450580831808109
394,5.644543222404723
395,4.531173612513661
396,-3.4631786700200555
397,-3.252230564381069
398,0.03093420734554833
399,3.3159404659821674
400,3.143023040522429
401,-4.7542488100906715
402,4.013639172056563
403,0.08606917959931579
404,-3.6456286261546946
405,-3.3257759915548992
406,3.0462315936097415
407,-2.868419924387489
408,-0.002955312081526781
409,-2.273592643966393
410,-2.0134873427686673
411,-1.7746121280278737
412,-1.7418694190965058
413,-0.03076682562615628
414,1.6491660019322758
415,-1.4937874553851684
416,1.9497597140984044
417,-1.9500605228600592
418,0.02116109162004035
419,2.4921354645909433
420,-2.5283258421712276
421,2.9101197712204936
422,-2.6947333486318725
423,0.006496662356316385
424,2.887944026231646
425,-2.7445957914338432
426,2.7138572146031237
427,2.602236402324054
428,-0.07785909052107072
429,2.5119699305458196
430,3.1787145210875876
431,3.291599946471689
432,4.039963118613134
433,-0.017384834360131888
434,4.35490114361853
435,4.280367529918157
436,4.4630735749530634
437,3.4591818821018987
438,-0.010661310800926627
439,3.642686378730808
440,3.4142796318154827
441,4.025994527717539
442,-3.6261037204444757
443,-0.03315458352436032
444,-3.68607000284927
445,-3.8900708735692473
446,-4.182492312131523
447,-4.182660728524581
448,-0.02593358845605118
449,-3.6764079203990634
450,-4.1774591735048725
451,-4.845395170430497
452,-5.016363673870907
453,0.005936568715196501
454,-5.452256888074282
455,-5.517274614881601
456,-6.518199034720787
457,-6.627376955039929
458,0.02027212571754539
459,-8.448851023764783
460,-8.82214631446179
461,-7.489666903772799
462,-6.765868592960226
463,-0.006358402367527937
464,-5.712542301247509
465,-4.94553905151748
466,-4.936195668487176
467,-5.15456048266847
468,0.005258900158317655
469,5.744831371834788
470,6.285696349576667
471,6.496714785498002
472,6.185772627306124
473,0.01027253419285658
474,5.906398461668557
475,53.470616657297825
476,1.775895565778745
477,-1.8695108348365659
478,-0.2968597201175155
479,-2.0203264843111555
480,-1.6096444694662868
481,1.6168853619501018
482,1.6758053549284622
483,0.05229997789637814
484,2.158168194097064
485,1.6972582891272834
486,1.9099192949285957
487,-2.1572055887033668
488,-0.08119563305595302
489,-2.3122508585155788
490,-2.2970413787254436
491,-2.4569140375835588
492,2.7478323411553025
493,-0.16185199322964444
494,2.798559671321409
495,2.2542340062268154
496,2.8596795919083258
497,3.046424671077942
498,-0.018182587901060997
499,-3.1311420819368174
500,-3.0867461184139318
501,-0.0937015534287307
502,-3.261153317738669
503,-2.7541737389042305
504,-2.7737007332032895
505,-2.6757157807357905
506,-0.07282374235946626
507,-2.2752542904761577
508,-1.9949279889448448
509,-2.2988485019856095
510,-2.280652937366574
511,-0.07628383479176959
512,-2.24794980059843
513,-2.553085094424032
514,-2.598378692961852
515,-2.7485831051620573
516,0.08094687576869433
517,-2.2134287458444173
518,-2.1803070172402315
519,-2.422455377930155
520,-1.5886989069209265
521,-0.07538596730985324
522,1.6518904263785328
523,-1.4828959074450667
524,-1.72991430420141
525,-1.9185828432526306
526,-0.040134537357729476
527,-2.022720555203675
528,-1.809471035588356
529,-2.0302784096312143
530,-1.9882635793208605
531,0.010775819000359774
532,-2.116472488952591
533,-2.33211968336477
534,-2.1098833428136237
535,-1.8070580938019203
536,-0.09623032867964171
537,-1.9203732039396244
538,-2.7165057189789543
539,-2.986280174049551
540,-2.1056081898970587
541,-0.032765733558470345
542,-2.05933944164862
543,-1.7376619700634304
544,-2.3224557577378753
545,-2.515762879010045
546,-0.029198844756226087
547,-2.5851068825373407
548,-1.84625836828258
549,-2.1446612768981486
550,-2.1654066645858294
551,-0.04295653026246437
552,-2.0064546991893555
553,-1.4077870009458553
554,-1.6656453504992133
555,-1.6504559953261826
556,-0.1072374595649129
557,-1.5533407005396307
558,-1.3096554927908832
559,-1.458391543664148
560,-1.0359422990815992
561,-0.01372208685008835
562,-0.9510001058978925
563,-0.9885976287188066
564,-0.9546498693881419
565,-0.9501927893654001
566,-0.039761176334587416
567,0.9959571181978519
568,-0.9912592992713514
569,-1.251479308633851
570,0.8089427503196244
571,-0.05649102935474403
572,-0.8409829664646058
573,-0.7409832891396176
574,-0.7789537166186854
575,-11.339225344398965
576,-0.001820646741374901
577,-1.1643403349470864
578,-0.9920265544295307
579,1.338411275061819
580,1.3783016358941627
581,0.014771152021212324
582,1.686682059269482
583,1.9765721299346592
584,-1.890296743064222
585,-2.394064752318146
586,-0.01958814294271177
587,-1.8019225476246954
588,1.1670074490921534
589,2.126745137149779
590,2.106930367808144
591,0.017083843919599485
592,-2.3861534079151925
593,-1.185526225587836
594,1.6438324994977762
595,2.1067429337813017
596,0.13731346803478114
597,2.4237534485957535
598,-2.1663908822999494
599,-2.2126805074059877
600,-2.300932105802294
601,0.01959795978465854
602,-1.9575281500039758
603,-2.5216050172550357
604,-1.6169030920199434
605,2.42624156925846
606,-0.049966439942633736
607,-1.3473263944239808
608,-1.6933453981427207
609,1.2732527800079996
610,-1.3609656104485326
611,-0.03478865877713274
612,-2.061394880886035
613,1.3735535617138819
614,-1.2703754411660304
615,-1.4909688940721566
616,-0.03462477058115128
617,1.0628769102899007
618,-0.7239154128433755
619,-0.7339313653768704
620,-0.8881124288052256
621,0.030792140776556128
622,-0.9493986074516628
623,-0.5106989342905144
624,-0.30733955538602825
625,-0.31445940605657013
626,-9.047603853909206e-05
627,0.26876342675532044
628,-0.30566195831675896
629,0.2888408435697108
630,-0.2752087529573071
631,0.015528024478578614
632,0.36613572708147235
633,0.3795152526117823
634,0.42193868056357164
635,0.42848578880131916
636,-0.008476947728134681
637,0.42310417806701206
638,-0.36710445330910246
639,0.3420925905532979
640,-0.26422920056258187
641,0.04145570949962573
642,0.3069380373467232
643,0.20970843970834652
644,0.16549514748076122
645,0.24599455423345
646,0.0015733258587453795
647,0.2814209623365033
648,-0.31059201301799194
649,-0.2708352919265327
650,-0.38924480502585757
651,0.015593738766456405
652,-0.4766531743580878
653,-0.5077166973794198
654,-0.5045747492948028
655,-0.46377369911896305
656,-0.02320327884089539
657,-0.4389943004748889
658,-0.31497111221830504
659,-0.2514628555557663
660,-0.21727126936232957
661,-0.036485660141715386
662,-0.16911429968040087
663,-0.11020203910593789
664,-0.12330503341234726
665,-0.11480760853622901
666,-0.0014347704157274524
667,-0.10825811908344875
668,-0.11131712048503462
669,-0.11550678005220613
670,-0.1159927020670362
671,-0.008186746173926254
672,-0.1471912263154226
673,-0.14526815915824484
674,-0.1256428014232865
675,-0.11136400053069838
676,-0.030420460816121445
677,-0.10730493824434358
678,0.058312896937294065
679,0.22763539288284534
680,0.14248589895747119
681,0.0667473352309846
682,0.07388759166348302
683,0.17367998171673965
684,0.17905829439693133
685,0.19609124410855336
686,0.02240914437261544
687,0.26374468796862366
688,0.29996969850717825
689,0.4043671973523469
690,0.4477335742305618
691,-0.0029722959126551205
692,0.5389662031715208
693,0.5748925689334312
694,0.6856786030689236
695,0.5291833343788576
696,0.028750334638786026
697,0.4589185714808885
698,-0.4722541321473263
699,0.6059597409773037
700,0.7117174188999495
701,0.008631637491028254
702,0.7843607823622206
703,-0.8077335736241245
704,0.7989650138753661
705,0.8041126174674825
706,0.0028032816827818596
707,-0.6954705187069513
708,0.6151924013873248
709,0.5097691257056409
710,-0.4894328837878022
711,-0.015140933257442804
712,-0.40880156302918036
713,0.2756955265560933
714,-0.1837948476167505
715,-0.2548461550049176
716,-0.025242163596341335
717,-0.2247474909349778
718,-0.23763821774494473
719,-0.263747941901026
720,0.31909563534944835
721,-0.07012737444073949
722,-0.3136478556404856
723,0.39079140084377345
724,0.5249833589088047
725,0.4813942661598019
726,0.04818994376390592
727,0.457201743273003
728,0.4049000331860362
729,0.6665670378249071
730,-0.635366695084849
731,-0.02504339505080915
732,0.41125742235153606
733,-0.3727552950391818
734,-0.5601765874590832
735,0.8258346027579709
736,-0.022697813728238852
737,-0.9674657498990803
738,-1.1405284255722157
739,-1.1248401021758376
740,-0.7440070191164727
741,0.005349351655245676
742,0.7865549946229179
743,-0.7819323873919958
744,0.7983278189714133
745,0.739334459463852
746,0.010894112196758753
747,0.689544840306642
748,0.714570252775684
749,1.2082203177333124
750,-1.386806045668945
751,-0.004427991606362013
752,1.4061117875708495
753,-1.1591555932798052
754,0.8014586247861688
755,0.7415129458885766
756,0.03130638044358416
757,0.8780601164274386
758,1.0523343683497421
759,-1.1150569150311693
760,-1.0824734245279641
761,-0.025888844417482754
762,-1.0494100662765677
763,-0.9464338799120056
764,-0.6954123663415789
765,0.6514066840239107
766,-0.024308003756135566
767,-0.542225686834991
768,-0.3720998380103492
769,0.489729013674467
770,-0.539363363780731
771,-0.032049771230340474
772,0.5435214952922658
773,0.6154100847225076
774,0.645494020127861
775,0.46545737291784484
776,0.024499651706972683
777,0.8036108558104529
778,0.457392097625787
779,1.0920494758578503
780,0.783357228124764
781,-0.033273550365414684
782,0.5850346595703805
783,0.5240350148293171
784,0.6727293820746494
785,-0.5095312050441307
786,0.057636305185130146
787,0.7801149544612086
788,0.7201429336236279
789,1.2944943491607934
790,1.0824539951547294
791,-0.022414874115628532
792,1.1223246433457728
793,2.1979218957096
794,1.369861377720107
795,1.9120152260121839
796,-0.00592745102847611
797,2.0707488350745433
798,2.3000047034913393
799,2.2478510070832094
800,1.9806588363838784
801,0.013473476345797809
802,-2.5222327440977956
803,2.6432873934547123
804,3.8189146307648216
805,3.6510109708135534
806,0.011304960203233193
807,3.274746284974709
808,1.963396763902662
809,-1.6733419819774993
810,-2.1563820344663567
811,-0.0
812,-2.553893774873236
813,1.3754160670672757
814,-0.9970763670743203
815,1.563131578997184
816,-0.0362941952770042
817,-1.7927669302300593
818,-1.415562994188794
819,0.944121391689057
820,-1.6326999916787195
821,-0.03133427838356539
822,-2.1152280245422204
823,2.260220456356269
824,2.0685901861399345
825,-1.3216567994293253
826,0.0992598788485673
827,-0.732279327140658
828,19.746696510156347
829,1.212005800888021
830,-1.2189631729479462
831,0.04790989019746176
832,-1.2592453627452853
833,1.0347832641903425
834,0.9274331829321388
835,-1.1869385367610856
836,0.03500531349417453
837,-1.2157559350329863
838,1.2962915305743234
839,-1.653550998552037
840,-1.3303256284428715
841,-0.09286818882357231
842,2.0757116285349353
843,1.9693816672444155
844,-1.6236001876580566
845,-1.7464118985136379
846,0.04051933237171858
847,-1.4877853007731585
848,1.3978723745374753
849,1.7089362512324764
850,2.1722526322436733
851,-0.11788717920026748
852,2.302708341345363
853,-1.6600661111909771
854,-1.9253651093651938
855,-2.603682826699879
856,0.026614087454898492
857,-1.0278031407733597
858,1.4652129825718379
859,-1.1607979984847538
860,-1.227291918749084
861,0.07437010875332678
862,-1.2020386233656981
863,0.8323789185700846
864,0.9464041288311701
865,0.8987252048703805
866,-0.12559779664918327
867,-1.4416166030646678
868,-0.9631218596982459
869,0.8105919341897658
870,-0.5228087427133037
871,0.20304346172398793
872,-1.0064263711931323
873,-0.6007301035612511
874,1.0276309609551746
875,0.8639388840373251
876,0.28080318430012063
877,-0.7450703806974253
878,-0.9128563220757517
879,0.8782307743615604
880,0.9034627675438818
881,0.3245339294360437
882,0.9514590515237501
883,0.9907108439008556
884,-1.1346261709535828
885,0.8110143005877413
886,-0.12809433136394752
887,-1.1294674207641364
888,-0.6863475519023823
889,1.0823382773850474
890,1.1653670175149444
891,0.15673997458262814
892,-1.1111603268208816
893,-0.6419321490672257
894,0.7610830971249556
895,-0.7108011627115935
896,-0.18435450255710015
897,1.0629215954120925
898,0.9430550697962394
899,1.5387066171147397
900,1.6322529697446648
901,-0.06140927890014223
902,2.3458345361593933
903,2.456988129385692
904,2.6537676990272927
905,-2.6354087340743764
906,0.1500393317990679
907,-2.8684141963316323
908,-2.6286282340160816
909,3.3812124025406662
910,-3.5405707210537285
911,0.10628035733704395
912,-3.5508429660454968
913,-2.886505190177564
914,2.9931123104411212
915,-2.969655693826744
916,0.05024223328282285
917,2.7911551414439413
918,-2.220626739666614
919,-1.899262079198373
920,-1.4473357722816016
921,0.19821683698375814
922,-1.7663112018769231
923,1.9606269942336882
924,2.5200034737651817
925,2.367844225883916
926,-0.16710475677006212
927,-3.453402551215933
928,-2.4523841220272575
929,2.6415837984182415
930,2.8077934187099984
931,-0.19437492479617458
932,3.209192274674101
933,3.3114228630510225
934,3.456041050985719
935,-3.527588275051061
936,0.06913818310835175
937,3.1477414984846965
938,-3.2398841664238733
939,2.7317195687031135
940,-28.224008715525414
941,0.01586855271337579
942,0.5548125171934787
943,-0.6621219148155145
944,-0.9195789189293373
945,-0.8475034848735206
946,0.014944851108639148
947,0.7276545165468808
948,0.9125601830156772
949,0.7930050586579479
950,-0.8004427180778861
951,0.002244539408026265
952,-0.9064596969175495
953,-1.0917322713250626
954,-1.0589060753199764
955,-0.8661021588977006
956,0.003736542267025933
957,-0.9136258972292722
958,0.8975212474960502
959,1.0084516958104652
960,0.9547197037422958
961,0.009203117353416125
962,0.8635996081445376
963,0.7991638788875879
964,1.3412753500795427
965,1.1878601129202095
966,0.005335755228365718
967,1.5061038823491133
968,1.3360486146035992
969,1.6834624311210822
970,2.2373213669147916
971,-0.003670739610344197
972,2.734263557289004
973,2.8406659102072407
974,3.27895181278327
975,3.7183669502660903
976,0.00203779286323936
977,3.86970962178873
978,3.864751462282456
979,3.708581313158725
980,2.8003568940624084
981,-0.009717673606469015
982,2.094545037161768
983,-1.6311057887760145
984,-1.843639887264807
985,-1.8766017001928412
986,0.008142763124443073
987,2.1085383347248206
988,-2.1646492029804714
989,-2.006414729896452
990,-2.099929241909679
991,0.017367515690160946
992,-2.1681868139632536
993,2.9703481971156203
994,3.566498311519512
995,4.203268085954517
996,-0.0035815433518653498
997,4.236727674164157
998,3.8660809043072475
999,4.188483549141991
1000,3.282958152572962
1001,0.008784948051289607
1002,2.631388391828361
1003,-1.3944619535591112
1004,0.1185124921920019
1005,0.9697698572446355
1006,-0.8280020856759627
1007,-1.0528260129291738
1008,-1.2937866615418534
1009,0.031154183998917097
1010,1.154811352193865
1011,-1.0906505561323334
1012,1.1004169854202988
1013,1.1407734233905404
1014,0.04471430243245295
1015,1.0645970519239096
1016,-0.8671547689589955
1017,1.3965950952570636
1018,-1.383611519914377
1019,-0.011037097554012883
1020,1.988604911943974
1021,1.8591459916956972
1022,2.2462809423288714
1023,2.0561666643811245
1024,-0.0004857995338077049
1025,2.203260902699933
1026,-2.1792176105038368
1027,1.6295946949666757
1028,-2.094529286320522
1029,0.0035092854767354857
1030,2.3738540119234917
1031,-2.2504558028068864
1032,2.3869935845785264
1033,-2.2880321161581296
1034,-0.04835265282217656
1035,1.9189171374388934
1036,-1.2014933573495414
1037,1.3443051642515065
1038,1.6199808256915451
1039,-0.011122383291490826
1040,2.1131755740833076
1041,-2.0787155873960694
1042,1.9810360047532258
1043,-1.723058437319351
1044,-0.007889996200090378
1045,1.862603284403906
1046,-1.8565233935588374
1047,1.9124102574198931
1048,-1.7098752938147808
1049,0.01326046104730285
1050,1.317734917173205
1051,-1.4409649632871677
1052,1.7105141755637623
1053,-1.730033423594186
1054,0.029099039734982693
1055,1.9590564191797846
1056,-2.7265910852512802
1057,3.2392341667181084
1058,3.0186755303538857
1059,0.008972300907102175
1060,2.86596908559895
1061,-2.5903378348086417
1062,2.523259651495194
1063,-2.293152157626539
1064,0.09489661107475098
1065,2.6675122441113333
1066,-2.401017572095486
1067,2.3230189894917674
1068,-2.2505397751535146
1069,0.01897733257762977
1070,2.3369867537935427
1071,-2.2335143567047244
1072,2.2607088011294727
1073,-2.2759667152536034
1074,-0.007676242234948655
1075,2.5172873631466555
1076,2.6530092607855313
1077,2.6822326405644046
1078,2.993768333543767
1079,0.009391505225386015
1080,2.8842336579339203
1081,2.1119650625944484
1082,-1.6066354234222824
1083,-1.6641299068549906
1084,-0.003950823315858839
1085,1.3952026069118408
1086,1.4740249239577772
1087,1.2918197850983515
1088,1.5027784599502274
1089,-0.009324923577605036
1090,1.2200596216661417
1091,-1.1565580270055704
1092,-1.1137267498476975
1093,-1.5880209113275878
1094,-0.058365046283690214
1095,-1.9008223410694813
1096,-2.5144500821408458
1097,-2.7996469496514336
1098,-2.9414330800803916
1099,-0.033695334005985865
1100,-2.696159904342165
1101,-2.832351673696107
1102,-2.9293467038357823
1103,-3.239322505254655
1104,-0.022478115670602702
1105,-3.0056074846848424
1106,-2.0396147834895104
1107,-1.815872462462299
1108,-2.0317560280898834
1109,-0.011196241842336523
1110,-1.4832136948251833
1111,-1.2216937247458106
1112,1.5571165480518834
1113,1.8488393630371047
1114,0.01575194055237822
1115,1.7996313272140911
1116,1.6569683838283047
1117,1.1693160654452164
1118,-1.470926410961141
1119,0.015522359259125193
1120,1.3957624001864173
1121,-1.3890358555376237
1122,1.5947758860535874
1123,-1.4730545314541923
1124,-0.073675651495058
1125,1.5642366744904712
1126,-1.112656479453081
1127,1.1508252681018845
1128,-1.3012870427318919
1129,0.010410289732148432
1130,-1.3056055806423064
1131,-1.2699438308152942
1132,1.290682777834389
1133,-1.1191367861829613
1134,0.09553781838765509
1135,-0.9685296790113065
1136,-0.7796057259138346
1137,1.327608225217271
1138,-2.122630787502455
1139,0.03241486303179471
1140,2.3640119335601946
1141,-2.3079006660644525
1142,1.8773649110343733
1143,-1.789972290694124
1144,-0.08631881781916464
1145,-1.282993948973944
1146,1.2965035484135934
1147,1.6863148735943974
1148,-2.104636380932604
1149,0.009222583953585411
1150,2.2878484035006084
1151,-2.1492480277426975
1152,2.2272960055467377
1153,-2.241111679860336
1154,-0.04577213265276839
1155,-2.326467611650599
1156,-2.151143669560152
1157,1.9424455082602186
1158,-1.735299630734029
1159,-0.03744362875454179
1160,1.8838183816695426
1161,-1.8679279894884715
1162,2.0907397042222846
1163,-2.205914766289199
1164,0.01979610547982126
1165,-1.8654241648392251
1166,-1.4574391145694452
1167,1.0893123496165191
1168,1.1602999331504018
1169,-0.07214322896466709
1170,1.430992097712724
1171,-1.3376509260415714
1172,1.1220150552126125
1173,-1.4717528981401782
1174,0.08931997797853725
1175,2.2600929465913215
1176,-2.1880912432071704
1177,2.4104277756953887
1178,-1.8425863056965825
1179,0.04834477175586757
1180,-1.3548771705243217
1181,-11.91201680105079
1182,0.8450978436034886
1183,-0.7770820324009946
1184,0.050631692568023044
1185,-0.5556457091749363
1186,-0.34845877400870995
1187,0.5009277183447632
1188,-0.4068435028811445
1189,-0.023094893269637092
1190,0.4681807811921663
1191,0.7155069454106796
1192,0.9456542414685917
1193,-0.5711365976171424
1194,-0.010958763573273
1195,0.7251790938057144
1196,-0.49762771054358496
1197,0.7282064745996264
1198,0.6753063537952442
1199,-0.02499735767738605
1200,0.6977492973770189
1201,-0.7776338412701789
1202,-0.626761517181308
1203,0.6278473174349929
1204,-0.004790823133289301
1205,0.8323286018524425
1206,-0.8587047204696504
1207,-0.811975691244261
1208,-0.7181464280364629
1209,0.006260722534732712
1210,-0.913170827716347
1211,-0.8548269372816897
1212,0.6226339780710302
1213,0.9038078079316061
1214,0.00315063130332781
1215,0.9858848096901689
1216,0.8069577124394911
1217,1.059867232002983
1218,-1.218098632977069
1219,0.02712173808232542
1220,1.3507614542505488
1221,-1.3152151974782107
1222,1.2148965775233251
1223,-0.979032354075378
1224,-0.010555041567617563
1225,0.9218313298795037
1226,-0.781245271286993
1227,0.7834997190196049
1228,-0.6912712745350024
1229,-0.019310526140673936
1230,-1.0315015501091078
1231,-0.8866099042014082
1232,0.9239654611790051
1233,-0.898594210408706
1234,0.016545276111440604
1235,0.9916736836098605
1236,-1.0692473011360106
1237,-1.1433258373664232
1238,-1.5148927482302192
1239,0.02285881344620896
1240,-1.5032236878719527
1241,2.1072560422222306
1242,2.508091126724725
1243,2.7583991854826495
1244,0.003817782483828663
1245,-2.418280810489063
1246,21.940734227958995
1247,-2.818046414713664
1248,-3.6347908842053958
1249,-0.10080768182601524
1250,-3.243092327141107
1251,-1.940338706420913
1252,-2.1357901959862344
1253,-2.7238164619554817
1254,-0.004429848029224725
1255,-2.394750861606711
1256,-1.9293410566542357
1257,-1.4551056374670215
1258,1.765611557450226
1259,-0.08040271948840032
1260,2.041925503485415
1261,1.9952920654702662
1262,1.5702248014907874
1263,0.7098260411652246
1264,0.0013655029874700012
1265,1.2107282039101352
1266,-0.8489412947840524
1267,0.9822147556695225
1268,-0.9087770177409652
1269,-0.190494832746022
1270,-1.0612675196859331
1271,-0.8049214661508892
1272,0.7830306153708505
1273,0.8651796289198493
1274,-0.09921842231848911
1275,1.059013446985527
1276,0.6041324933365616
1277,-0.7732597272433775
1278,0.8454166118303308
1279,-0.01433231207672772
1280,1.1259548382572713
1281,1.0335894166094164
1282,0.9806494417656407
1283,-0.732996926048461
1284,-0.07856579758414581
1285,-0.9322891980538511
1286,-1.0077207126011416
1287,-0.667558688118271
1288,-0.9637826062879384
1289,-0.17102954965228764
1290,-1.1995502330849401
1291,-1.0832753220194056
1292,-1.229565632577292
1293,-1.390803054499436
1294,0.014743605918530056
1295,-1.4579940322622267
1296,-1.4339220591538413
1297,-1.1563904265286498
1298,-0.9132565314670469
1299,-0.007332715775460145
1300,-0.7097102880877032
1301,-0.7294915071132715
1302,-0.6430041759287356
1303,-0.6755707204189926
1304,-0.07603290439542434
1305,0.6589978743243415
1306,-0.9041704289264949
1307,-0.8011468480700547
1308,-0.8383904385335477
1309,-0.14049676137492303
1310,-0.8145994952700996
1311,-0.7882741110530309
1312,-0.6565127881551137
1313,0.5331068272097516
1314,-0.004665119305475182
1315,-0.7474504374462791
1316,-1.0299308351034409
1317,-1.046835132692566
1318,1.127832354885241
1319,0.08992404615547918
1320,1.2236086131446129
1321,-0.949338556406217
1322,1.0183021432001576
1323,-1.318989063729034
1324,0.00024393926646268434
1325,1.3378531832354674
1326,-1.3669804558149272
1327,-1.2646383805789594
1328,-1.066527923696823
1329,0.02161973003313495
1330,0.9392478539104188
1331,-0.8950606409993164
1332,0.5794369298571631
1333,1.0001195078806864
1334,0.05429363763716928
1335,1.0950086243136579
1336,0.9658637741067942
1337,1.1546885899378752
1338,1.0481171393131652
1339,0.041264422003059215
1340,1.1558509311598308
1341,48.38633585688013
1342,0.8634916056131181
1343,-0.927501781189308
1344,0.09801873033205975
1345,0.7871933665728664
1346,0.7876288734450049
1347,0.7696516864399098
1348,-0.7907347580415276
1349,-0.05518436963461955
1350,0.8862852903008972
1351,-0.657315128212291
1352,0.8768820488498384
1353,-0.9617533668886485
1354,-0.0365718425368704
1355,1.0660028492484108
1356,-1.1016039571058864
1357,0.9387607833936353
1358,-1.0930953901649982
1359,0.034383117478481745
1360,1.2602972604514087
1361,-1.3104501421262116
1362,1.2583777593435226
1363,-1.3468934775515273
1364,0.03949348410430114
1365,-1.1438032010131507
1366,-1.138712754759065
1367,-1.0720822231230127
1368,-1.2388428985920086
1369,-0.026477395869168006
1370,1.169856091991073
1371,-1.0763334345525457
1372,1.1227666042986861
1373,-1.1099062098852577
1374,0.05864760243604299
1375,1.2545401827632754
1376,-1.1812071226826764
1377,1.4815752095644357
1378,-1.338400028570367
1379,-0.04779949764231375
1380,1.4676995401791666
1381,1.4130595181647896
1382,1.6946009079634314
1383,1.6318498026190291
1384,-0.011936895715710353
1385,1.8524828055012348
1386,-1.8858574799273482
1387,2.029410128157997
1388,-1.9268707558453848
1389,0.035950357071167754
1390,2.030012047143971
1391,2.07915278301579
1392,2.0679242038619545
1393,1.9065647882491081
1394,-0.007924851126444242
1395,2.107530762480067
1396,-1.8974415740417996
1397,-2.0174676795084903
1398,-2.367349349233707
1399,-0.003374533051745763
1400,-2.422374676125607
1401,-2.8566710009412413
1402,2.779596336334048
1403,-3.151070056495091
1404,0.018404141841717243
1405,-3.1057301539658626
1406,3.3143145524420197
1407,3.380555425131928
1408,-3.442768080459823
1409,0.051350397961689005
1410,3.4933725195964294
1411,3.5228572366373534
1412,-3.6523774995904112
1413,3.6018342421555256
1414,-0.007348979243109716
1415,3.882721168630312
1416,3.452090741884729
1417,3.3449505646751203
1418,3.1470793271903053
1419,-0.00409554525018189
1420,2.4646908623762194
1421,2.368446753327265
1422,2.220884000805433
1423,2.3030274479551602
1424,-0.022414363105665372
1425,2.341055275204759
1426,-2.311379264961465
1427,2.1999740489771527
1428,-2.1269140127216897
1429,-0.0024911861389769452
1430,2.0108957794658897
1431,-2.1241047876093
1432,-2.138823274369203
1433,-2.0810474130973127
1434,-0.008085210198860035
1435,1.9855922440895752
1436,-2.2833623773066845
1437,1.9635493226689364
1438,-2.2237496988322603
1439,-0.027830457041772252
1440,-2.0869349893660165
1441,-2.197687903532873
1442,-2.213200443356193
1443,-2.4474958645627796
1444,-0.009566983324902835
1445,2.364465482156505
1446,-2.6125529886305494
1447,-2.467053361970528
1448,-2.77703162396076
1449,-0.007511331051746629
1450,-2.5430465316018136
1451,-2.9126010575562113
1452,-2.55039950620019
1453,-2.8452864191999585
1454,-0.025584217055755688
1455,-2.612076016658919
1456,-2.8502911377132096
1457,-2.5723593548063683
1458,-2.8109567813270577
1459,-0.013335286366096547
1460,-2.7132985466482236
1461,-3.1026907496310776
1462,-2.6077990478104844
1463,-2.8707358855787413
1464,-0.04199340158059063
1465,-2.5446558964395445
1466,-2.6729960750722936
1467,-2.518960209511554
1468,-2.621553716897924
1469,0.03324872120681246
1470,2.675504749414499
1471,2.9114561823642595
1472,-2.827079852987035
1473,3.0716817450180196
1474,-0.04946664358907324
1475,3.10496754648691
1476,-2.8261263824007656
1477,2.9481564181125766
1478,-2.5000125935399904
1479,-0.01840533596506472
1480,2.572795045738152
1481,2.642379301069579
1482,2.81714424709855
1483,-2.5582654781617253
1484,-0.010249031625230276
1485,2.4823890909335375
1486,2.347209292600898
1487,-2.483523310654896
1488,2.4338067844224405
1489,-0.010541856365118544
1490,2.6232427726440353
1491,-2.5745661613415787
1492,2.496915309265944
1493,-2.492183008239124
1494,0.02577988166528212
1495,2.5576234267477207
1496,-2.5961544545557502
1497,-49.13534479130554
1498,2.7501694346826895
1499,-0.02302138932203359
1500,2.986821432811054
1501,-2.9727792284761003
1502,-0.01477294695488211
1503,3.1262711084875616
1504,-3.2515235558158118
1505,3.2267515414745076
1506,3.3559105071589106
1507,0.016533655446695758
1508,3.636293905698505
1509,3.7638616505133276
1510,-3.723257668570769
1511,3.797665449707741
1512,0.00819732302843751
1513,4.110870868948848
1514,4.508446631060704
1515,4.534118263690891
1516,4.870220375528377
1517,-0.014843245614381889
1518,5.0378183436158945
1519,5.14679818652684
1520,-4.991959870354903
1521,-4.835587790191667
1522,-0.0188126096444725
1523,-3.1835589045042196
1524,-2.3278250771154556
1525,-1.608598206562692
1526,-1.43623748620287
1527,-0.012431317106077523
1528,-0.7267154186676017
1529,0.7494732074726246
1530,0.818818093730382
1531,0.8585846005953633
1532,0.012295502152221104
1533,1.3382697219638493
1534,1.611298106943849
1535,1.866093500114556
1536,-1.744130330150997
1537,-0.011266867509504038
1538,1.9637636018713256
1539,2.1651722204857418
1540,-2.28989986733429
1541,1.7854184825006791
1542,-0.006146992424932711
1543,1.738653443408905
1544,1.727236442568286
1545,-2.0403300730989002
1546,1.7128956771206076
1547,0.010186231214319838
1548,2.188440661546338
1549,2.2735220566200387
1550,2.451771070482436
1551,2.8560060520233113
1552,0.00832009011375404
1553,3.1520540011371367
1554,-2.897711877321036
1555,-3.3018844895055612
1556,4.027388837055273
1557,0.007010665674412279
1558,5.029969089731352
1559,5.836214338841505
1560,-5.415112437157526
1561,-5.422388758080339
1562,-0.001839376004904089
1563,4.0151813427866845
1564,4.39213618710607
1565,-4.308564968144166
1566,4.665908358636344
1567,0.006573738439207187
1568,4.949445175457117
1569,-4.95689753357406
1570,-4.671721361317584
1571,-4.763595157454529
1572,-0.0074068404038512715
1573,4.555849217921115
1574,-4.394850505561891
1575,4.783655757942127
1576,-4.819329331568826
1577,-0.0018078812002983243
1578,3.992212771429319
1579,-3.8015745662445615
1580,3.560560524191363
1581,-3.107533773341521
1582,-0.013934923933049162
1583,-2.213374215319231
1584,-1.753950835853458
1585,1.2925215433097352
1586,-1.351761003191488
1587,-0.010551238124377704
1588,1.5920182000381566
1589,1.6543866200211452
1590,21.185405846514566
1591,1.0850286210875895
1592,0.0646382683963214
1593,1.1531131501692766
1594,-1.170504391052247
1595,0.9297170553559221
1596,-1.0628793999559318
1597,-0.11437296792758071
1598,-0.7481159688904497
1599,-0.5004458345197157
1600,-0.6695294265416185
1601,-0.7345012668347138
1602,-0.08116139977285922
1603,0.7607421957652001
1604,-0.9183693680785026
1605,0.9286489216068642
1606,-0.98986909065181
1607,-0.13940294807870376
1608,-0.88612537336832
1609,-0.875837335383256
1610,-0.8365440268099252
1611,-0.921731146346378
1612,-0.07917538246981697
1613,1.5034455360263224
1614,-1.615779294861177
1615,-1.648673989873829
1616,2.371331847398286
1617,0.04593096771234425
1618,2.634134193289535
1619,2.647960185036478
1620,3.0957978003319093
1621,2.6538936577845904
1622,-0.10807307690420923
1623,2.600053373591428
1624,2.2450613191218194
1625,1.8071856414986887
1626,1.543602686848048
1627,0.07412970281185387
1628,1.2619951539885939
1629,-0.8893589615489539
1630,-1.0955632912141144
1631,-1.0363249090835311
1632,0.10455652619405419
1633,1.3378999596209915
1634,1.1600920724144688
1635,1.4965489863284314
1636,1.668616245313033
1637,0.10392819084501821
1638,1.7300062189789946
1639,-1.5067335511183386
1640,-1.149286394915551
1641,-1.0640829391050464
1642,-0.19025538958079272
1643,-0.8718957738783801
1644,-0.8972562354053182
1645,-1.1725612689168403
1646,-1.2849132825260838
1647,-0.12183938298982638
1648,-1.181527329071452
1649,-1.3604239426568132
1650,-1.2942229239743837
1651,-1.4524543990509493
1652,-0.23662486520620807
1653,-1.447663991451128
1654,-1.3573852369989432
1655,-1.2653195561859587
1656,-1.3988920155876432
1657,-0.08499427361300266
1658,-1.3801014198771775
1659,-1.406305305032747
1660,-1.4131178050716204
1661,-1.4788730744230263
1662,-0.05853999551985687
1663,-1.2778357822852249
1664,-1.3485054343325373
1665,-1.2583969753918287
1666,39.88019221604883
1667,0.011123610651191471
1668,-0.019838112540079552
1669,0.06958313197787779
1670,-0.10301568275016804
1671,0.24488418342421028
1672,-0.1660711184817619
1673,0.13534632271136743
1674,0.18550299403572396
1675,0.2704612818720048
1676,0.14353674259932295
1677,-0.1596246516253645
1678,0.24757316237191815
1679,-0.2308834741694205
1680,0.10663907162063282
1681,-0.1332622504273402
1682,0.09343625781276892
1683,-0.17924812876592872
1684,-0.264764624748041
1685,-0.2292623947783835
1686,0.23602233140450732
1687,-0.1299182136603759
1688,0.061063155424304134
1689,0.09611946349865594
1690,0.06538397984800841
1691,0.10773037019182799
1692,-0.07093333139470391
1693,-0.06954599395463273
1694,-0.10766328468157728
1695,0.05028818884451193
1696,-0.21702546863367989
1697,0.28747618499715516
1698,-0.23510234568326357
1699,-0.1840594638367071
1700,0.28390754320659944
1701,0.1607757447132987
1702,-0.059147117877509515
1703,-0.15644971879951208
1704,-0.0699961028998762
1705,0.1083177417800448
1706,0.13188179060607116
1707,-0.11181982691206827
1708,0.32784566142164934
1709,-0.3272274294413298
1710,-0.1643860452700991
1711,-0.24455303773831435
1712,-0.10204664239722012
1713,0.33499295239925053
1714,0.4520490114770959
1715,0.34175851931502865
1716,0.13023817330638104
1717,-0.1399926364360003
1718,-0.2594704802719499
1719,0.3920303936482133
1720,-0.25896359135482694
1721,0.091728150587995
1722,-0.09505696625224722
1723,-0.09658762931228879
1724,-0.16643940244128796
1725,-0.08283665778964637
1726,0.14790122972998995
1727,-0.09704544095065747
1728,-0.21551999951282988
1729,0.3045188256553352
1730,-0.19948683798903244
1731,0.10998997063763791
1732,-0.10159861988159836
1733,0.09350095345741426
1734,-0.10634555999578627
1735,0.08580078277198024
1736,0.10766313533938072
1737,-0.06589470216155124
1738,0.0865481069605538
1739,-0.10693205064086359
1740,0.07779378835764092
1741,0.2590733254117665
1742,0.3169753219397218
1743,-0.33455742780225056
1744,0.40133035730782124
1745,0.5119658683060149
1746,0.4427116849617371
1747,-0.0512842558635843
1748,0.27789313570176655
1749,0.4135866743647484
1750,0.31045256310100056
1751,0.09947390200086291
1752,-0.12643563162546104
1753,-0.32085524213491506
1754,-0.40327663825507637
1755,-0.30327245034235073
1756,0.07808710744115822
1757,-0.059991165150856285
1758,-0.08528652171375033
1759,0.21598785637458842
1760,0.1650490199087806
1761,-0.12070351926391669
1762,-0.06309302123017989
1763,0.22677654592699364
1764,0.3219227393418789
1765,0.23765604919573277
1766,0.1677235355340608
1767,-0.11865473481044274
1768,0.1491461224082411
1769,-0.4052117562709439
1770,0.5022202617356764
1771,0.40815481990950225
1772,-0.043365443632794466
1773,0.3436905380363238
1774,0.4835210743261809
1775,0.3523178850042091
1776,-0.23336357322564352
1777,-0.09818812334481039
1778,-0.20912423505669683
1779,0.29711140471054126
1780,0.22043781976863794
1781,0.32701528166908395
1782,-0.24570862899712007
1783,0.2964098825899298
1784,0.14194685259521778
1785,-0.11463949101513879
1786,-0.053492416700999926
1787,-0.08805227415173475
1788,-0.21164696701421068
1789,-0.27159917801438366
1790,-0.20569643817638494
1791,0.14289009835543287
1792,-0.11969071043490608
1793,-0.2300255118688815
1794,-0.17280765969091083
1795,-0.09154608717513309
1796,0.15710309946481457
1797,0.05804859927538506
1798,-0.061239115011103705
1799,-0.07754502483272735
1800,0.06488311311477028
1801,0.05172396930597146
1802,-0.027787599485613566
1803,-0.04031002735168682
1804,-0.05281286858779635
1805,-0.040957114842555174
1806,0.05202986904931494
1807,-0.016556947379254214
1808,0.024355301995003152
1809,0.026517092073551147
1810,-40.532711457917884
1811,0.06048158401004835
1812,-0.021752688213635
1813,0.13982354759366372
1814,0.1420747532568836
1815,-0.14403548241108927
1816,0.10400962592293463
1817,-0.04827020995146427
1818,0.15480971622231318
1819,0.07269535017853496
1820,-0.10345542496668207
1821,-0.14664812639703959
1822,-0.028210529244883476
1823,0.20362263212901238
1824,-0.2005269895637813
1825,-0.11868167838255651
1826,-0.16878563139975736
1827,0.028173822317255914
1828,0.1551264124335847
1829,-0.18757384924206552
1830,0.1952728914427353
1831,-0.1332041695206161
1832,-0.03887832740507707
1833,-0.13842652981367845
1834,-0.062429744923486415
1835,-0.10547226603046267
1836,-0.1427452102037698
1837,-0.03749968132229759
1838,0.19228242491009603
1839,-0.15467104880273858
1840,-0.117731728109228
1841,0.1543922196163075
1842,0.028979514067488773
1843,-0.145019208343604
1844,-0.17873785878537232
1845,-0.11991261016758582
1846,-0.11472578953377388
1847,-0.1073197131976508
1848,0.07880875433811828
1849,-0.10933300080441098
1850,-0.14927510986328626
1851,-0.09734988572864113
1852,-0.04561163534081875
1853,-0.14764428437759028
1854,0.07538051880398618
1855,0.1004644934758963
1856,0.12310337457770558
1857,0.03316304647967148
1858,0.10532919832736803
1859,0.14538406670155596
1860,0.09802446903274055
1861,0.1242594342242994
1862,-0.04322698729413472
1863,0.14271701819309907
1864,0.08678747286012098
1865,-0.09648791120312042
1866,0.15109564940388065
1867,0.024026517315131012
1868,-0.1269598729069565
1869,0.1547974467724577
1870,-0.11914650616895343
1871,-0.17333753840438668
1872,-0.0
1873,-0.1638780939411032
1874,-0.20291414264423524
1875,-0.13052849811791514
1876,-0.1726142761290313
1877,-0.0422813293637616
1878,-0.1244252388730979
1879,-0.17432190206315604
1880,-0.1385748687723093
1881,-0.11701600487066505
1882,0.03323412908646659
1883,0.1256653802583058
1884,-0.14348364197061125
1885,-0.08606695131114596
1886,-0.15637714436577185
1887,-0.01924804626991915
1888,-0.13895923357525272
1889,-0.16915080457729145
1890,-0.11421853572536438
1891,0.15313939073677305
1892,-0.04229298992682606
1893,-0.1618123774294707
1894,-0.11694416743456147
1895,-0.1271457103126119
1896,-0.1734919686563471
1897,-0.02715715444066212
1898,0.1700594118819892
1899,-0.17402487850919302
1900,0.13255558955992483
1901,-0.1460109633868328
1902,0.02241261813612775
1903,0.15886812922950733
1904,0.108618078977389
1905,0.1688775585968079
1906,-0.13951611707695935
1907,-0.032677417245270304
1908,0.12779481056114125
1909,0.07699907847930695
1910,0.08909778671698185
1911,0.1249658759098744
1912,0.022014070808874357
1913,0.16874095895871125
1914,-0.17170231858872292
1915,0.1703896434316848
1916,-0.21187885709678567
1917,0.02816934407838173
1918,0.22743838193150065
1919,-0.2135699266768063
1920,-0.19526053630693532
1921,-0.21635899892973948
1922,0.010602929005064921
1923,-0.22917229532524624
1924,-0.15541293510365742
1925,-0.20144272165361204
1926,-0.11812464359165754
1927,-0.0405508801392539
1928,-0.13098475366037138
1929,-0.06175835476949303
1930,-0.06897298810554621
1931,-0.11390675744400383
1932,-0.03532609231111947
1933,-0.07266012151137977
1934,-0.06499119265413895
1935,-0.10841567651899409
1936,0.058547328800821564
1937,-0.03261694337537623
1938,-0.06151261841031142
1939,0.025609393994449357
1940,-0.033523248064772214
1941,0.06662891812757027
1942,0.018754858119673687
1943,0.09719710474062176
1944,-0.08501798521423505
1945,-0.048462921588138995
1946,0.07747910768177091
1947,-0.0008937585909900229
1948,-0.0801619557014323
1949,0.09796443546862835
1950,0.04244417074754562
1951,-0.07711496243599116
1952,0.0007692723444911722
1953,0.05926210710490288
1954,-0.034456077595078655
1955,0.04466648879619587
1956,-0.03792638653708176
1957,-0.03064931032023266
1958,-0.05620369513757382
1959,0.02629308086921475
1960,-0.03378094310309812
1961,0.08013741569220292
1962,-0.02280428375744636
1963,-0.057868690500602255
1964,-0.07371722995779535
1965,0.03959014211927548
1966,0.029720776051977368
1967,-0.028215836049863115
1968,0.06178822797573661
1969,-0.056769663283476914
1970,-0.030762913310467526
1971,-0.03204176877793621
1972,0.01677005858192844
1973,-0.0377099900687277
1974,0.06452724375462865
1975,0.03504993106936245
1976,0.02051306592126731
1977,-0.01769951614270504
1978,-0.06827022446367008
1979,0.05240044090445376
1980,0.029396437719885024
1981,-0.04258138282834228
1982,-0.030936056894444477
1983,-0.053958692733154574
1984,0.022852921882118047
1985,-0.015898266840754825
1986,-0.019808185733797556
1987,0.009299922913283838
1988,-0.035338605380733315
1989,0.07701986181362902
1990,0.03670368775539653
1991,0.020081947092918096
1992,-0.021264738388122748
1993,-0.050789493647111196
1994,0.07793462087663179
1995,0.10456710062544214
1996,0.07413458937684103
1997,-0.04212021286023742
1998,0.08495204676748785
1999,0.04183399650233995
2000,-0.037818782838421654
2001,-0.03927995303329557
2002,0.01724724669449822
2003,-0.017983044471260583
2004,0.024415515576139996
2005,0.010913986691297695
2006,-0.028470125620126508
2007,0.04163213138238784
2008,0.029107710685509536
2009,-0.2868282691380013
2010,0.015953702313857423
2011,-0.009474668615541491
2012,0.06926236035223382
2013,0.05418769910150492
2014,-0.05884406704226758
2015,-0.022455497704191214
2016,0.0838496890767501
2017,0.02762043428022275
2018,-0.028582453319279104
2019,-0.05286791063831484
2020,0.011730630862670007
2021,0.08486689407517423
2022,-0.0734235659545978
2023,-0.05541073185839664
2024,-0.0664898631798503
2025,0.02428259905578161
2026,-0.05428779198656731
2027,0.10355940456135586
2028,0.05281453791042903
2029,-0.048730773281780625
2030,-0.0691436318746125
2031,0.03252554965766297
2032,-0.054668126805015496
2033,0.09802278031295297
2034,0.05276663496707203
2035,-0.042109292755983095
2036,0.10907938404332912
2037,0.05660561528703726
2038,0.06313117152496038
2039,0.10268178281228432
2040,0.03140396516083953
2041,0.14937649496664862
2042,-0.1296272976205898
2043,0.12197228207797164
2044,-0.10705460094487369
2045,0.07496866976780601
2046,-0.06713661083333289
2047,0.09017778512186253
2048,0.10954466896883053
2049,0.07427048464903314
2050,0.03701463386321757
2051,-0.04760764388062765
2052,0.0945748573384319
2053,0.1388130140388031
2054,0.06693733810391783
2055,0.03226561167043331
2056,0.09597374951559576
2057,0.04535476425939446
2058,0.12850993187143675
2059,-0.11405004193727812
2060,0.10286679339179812
2061,-0.07379253922270941
2062,-0.08580431225972024
2063,0.11960621545762912
2064,0.08140210483352468
2065,-0.046673235353452365
2066,0.13053002728921578
2067,0.06346871157031349
2068,0.07609899597715858
2069,0.15559624207202463
2070,0.03869842979276473
2071,0.11826995527426028
2072,0.13990485834883895
2073,-0.11359291607628322
2074,0.08787058897655092
2075,0.10955455254393064
2076,0.071323331559656
2077,0.11775556420096471
2078,0.1500263651482038
2079,-0.0814727799253443
2080,-0.04062922708855743
2081,0.14225243964431475
2082,0.07476955819831432
2083,-0.07881648765175481
2084,0.1420742699130214
2085,0.031048709101607792
2086,-0.09968728187991838
2087,0.1416822617792615
2088,0.09560894127755387
2089,0.1463798399729042
2090,-0.04451148676877738
2091,0.14027640020424992
2092,0.07333044013991445
2093,0.1205766583599501
2094,-0.1345492999831035
2095,0.02991833558699741
2096,0.16655726590845688
2097,-0.15148710179110367
2098,0.09112446774514235
2099,-0.11883833528181566
2100,0.030154451505953
2101,0.13928250744247891
2102,-0.096837309269396
2103,0.12111029288144143
2104,0.07489668211655863
2105,-0.04427036921057536
2106,-0.12487822479343222
2107,0.05179502455657394
2108,-0.08023634781543923
2109,0.13673112684081717
2110,0.020161339666611964
2111,-0.09822062912251137
2112,0.14141648474210647
2113,0.09514818248422632
2114,0.08210525282372633
2115,-0.037557549577252984
2116,0.1519048349692277
2117,-0.14056253727563847
2118,0.1338149856179043
2119,-0.1275145231980052
2120,-0.037739040080060036
2121,0.10558058985399701
2122,0.04874446288434254
2123,-0.07051153662498777
2124,0.10136276354941537
2125,0.019361096465094624
2126,0.15817054228821764
2127,-0.14173054276930327
2128,0.07682056152317583
2129,-0.1301781519960427
2130,-0.023027443062765638
2131,-0.08226543419086334
2132,-0.12028383884938433
2133,0.06808104170304631
2134,-0.1045718620517444
2135,-0.04656593821022858
2136,0.1111991027271638
2137,0.05598487231007693
2138,-0.09469304791966292
2139,0.15123006811633302
2140,0.023321722295276816
2141,-0.1165149080794674
2142,0.13255358235279732
2143,0.08634656676479277
2144,-0.07097421835050195
2145,0.0975141696289629
2146,0.058673304654104565
2147,-0.10505408755591228
2148,-0.15222496635543034
2149,0.08432209791992927
2150,0.0904033669852855
2151,-0.11535213407860574
2152,0.10564838851853811
2153,-0.1359904630618499
2154,-0.09955899765377327
2155,-0.040807969420657494
2156,-0.10848003639196084
2157,0.051486313632811996
2158,-0.0876496483822671
2159,-0.10265712928669422
2160,0.03158751497581307
2161,-0.08477321069208783
2162,-0.087168296358803
2163,0.12725963888089548
2164,0.07911218678664177
2165,0.07558487103723938
2166,-0.12119181426350854
2167,-0.1215579629262782
2168,0.15397480105953426
2169,0.10907669703690258
2170,-0.04357295919079186
2171,0.12452904626841126
2172,-0.06560487572009752
2173,-0.05953461091500653
2174,0.10592486390895235
2175,0.02971028852211998
2176,-0.09733224019639589
2177,0.12879845769006587
2178,0.07964445443727738
2179,0.08840634357174523
2180,0.04753283000857064
2181,-0.13113824430453427
2182,0.069578897182097
2183,-0.08130432019943422
2184,0.1307960906301502
2185,0.038062053330756754
2186,-0.09122271704380142
2187,0.1252064928372374
2188,0.09007339822443847
2189,-0.2930144529549654
2190,0.06472098101681073
2191,0.11635236367072954
2192,-0.09987778834878004
2193,0.08317665083760356
2194,-0.09250240305213284
2195,-0.07565466325365433
2196,-0.12325114927809419
2197,-0.19454739935977058
2198,-0.17775069551980147
2199,0.19957745784858488
2200,-0.045517161001036144
2201,-0.20012510911899212
2202,-0.22984942354309668
2203,0.18714639485069956
2204,-0.185633757068864
2205,-0.12114696556486114
2206,-0.14521036993863815
2207,-0.16776605361845465
2208,-0.19431329920215676
2209,-0.1331775010366537
2210,-0.04328263853986634
2211,-0.15361951899895757
2212,0.08095109205805824
2213,0.15648468260025328
2214,-0.164617479704106
2215,0.07350738327851447
2216,-0.11166543217133676
2217,0.10640449900761503
2218,0.16939044095991307
2219,0.13006770702345463
2220,-0.040655107665851606
2221,-0.16687813070331528
2222,0.08002212424545233
2223,0.16525916533778917
2224,-0.14799881196180606
2225,-0.04975796813709652
2226,-0.13806734484036046
2227,0.07642743136158527
2228,0.16092556892631005
2229,-0.15609568266363327
2230,-0.04170853713980995
2231,-0.11972496221490675
2232,-0.05369187753877682
2233,-0.10092195920222338
2234,0.1004430197382418
2235,0.03453914956087546
2236,0.150840528042404
2237,-0.13804856045979236
2238,0.1503465510863964
2239,-0.160272271469687
2240,0.041247288842470094
2241,0.13859942480869358
2242,0.08397409461760479
2243,0.12717600138807358
2244,0.126695911150207
2245,0.037659727854547936
2246,0.17006897575157853
2247,-0.1501579888197525
2248,0.18045151856537736
2249,-0.1564153251206809
2250,0.07691535097003696
2251,-0.12875277344941022
2252,-0.126045636464849
2253,-0.18200565068168775
2254,0.13007184985545048
2255,-0.03854889772959544
2256,-0.14025993667528489
2257,-0.08872121156032285
2258,-0.11243652771845766
2259,-0.1374456183343219
2260,0.042539340049889705
2261,0.1421548855629349
2262,-0.14272678035823827
2263,-0.13522292478435985
2264,-0.12745332153228156
2265,0.034410672413077256
2266,-0.12159764891571202
2267,-0.15459410654968503
2268,0.10253650813005653
2269,0.10536040701558325
2270,-0.039666795618911725
2271,0.13455012146495512
2272,-0.07603087303065925
2273,-0.11674378202550856
2274,-0.05625462368844857
2275,0.017639718454984448
2276,0.11591949970741898
2277,-0.12491393595022783
2278,-0.07926355715977129
2279,-0.10640808826637616
2280,0.026525247280441006
2281,0.0804352715401919
2282,0.0971011960002309
2283,0.13801057832621738
2284,0.09588570390906173
2285,0.04100672157968214
2286,-0.07298317498399969
2287,0.12019074460403083
2288,0.16251075405661755
2289,0.1082113234268139
2290,0.052511631840552346
2291,0.15862196705384676
2292,0.14943050683076708
2293,0.15284656534709776
2294,0.17836461245978819
2295,0.025462175810811952
2296,0.2935708171582563
2297,-0.1815120962356432
2298,0.2249198267971417
2299,-0.1806735334736818
2300,0.07447059217355263
2301,0.19371134906735749
2302,0.1782824837281318
2303,0.16018333333587795
2304,0.23143308882173055
2305,0.01944689505840618
2306,0.21597057778075396
2307,0.249703668796159
2308,0.30239403559719846
2309,0.688881509632756
2310,0.0019560683545582283
2311,0.2563615347439788
2312,0.2635802885153433
2313,-0.21053345668946966
2314,0.3295121198819092
2315,-0.027209883222789107
2316,0.3481356286683241
2317,0.24106730865932838
2318,0.48090116785352005
2319,0.5552120589025146
2320,0.039633514725934835
2321,0.4011066931269234
2322,0.43081630796078674
2323,0.2965565158729224
2324,0.5601358201942821
2325,-0.05771081660072076
2326,0.8077294868693999
2327,0.9001297075147353
2328,0.9083697951388902
2329,0.6472556507896697
2330,0.057714120864302304
2331,-0.6130581105498983
2332,0.7565650447335567
2333,1.3555905232686045
2334,1.20431896949542
2335,-0.021852005227692418
2336,-0.9048769802635063
2337,-0.8511648559141076
2338,0.8768630228177328
2339,1.347310431273143
2340,0.17485405237496593
2341,0.7666152036185971
2342,1.4773363503706334
2343,2.3225277335231453
2344,1.3204894209654061
2345,0.16377192859594397
2346,1.4511978638448944
2347,2.2221772823318995
2348,47.6506249766872
2349,0.44750245753146384
2350,-0.17835012080252863
2351,0.5836306523619059
2352,-0.5190659919173732
2353,-0.3653013132954703
2354,0.510729680881024
2355,0.15703852459871562
2356,0.45410732160278705
2357,-0.6121654243492918
2358,0.4712188427804704
2359,-0.461100339016245
2360,-0.19217315967782939
2361,-0.5529582888215229
2362,-0.3902491058467079
2363,-0.4277316463749655
2364,-0.6203559198076869
2365,-0.1171272816569743
2366,0.5286651868337755
2367,-0.6002139883950937
2368,-0.48975956663796494
2369,-0.6398344938219684
2370,0.11261590679689902
2371,0.6024690415135793
2372,-0.7475918660335057
2373,0.5779640694591982
2374,-0.7357709651844527
2375,0.26101093565723127
2376,-0.5653251058579727
2377,-0.6938383808353039
2378,-0.6146855203113543
2379,-0.7304527510459176
2380,0.15756546806266883
2381,-0.501019190107726
2382,-0.6384440437960673
2383,-0.6819544284343612
2384,-0.5650480935770303
2385,0.2740086025285789
2386,-0.6578187056838506
2387,-0.37081346268565124
2388,0.7353278791890123
2389,-0.7834306647013587
2390,-0.24155417916264704
2391,-0.7477779512154938
2392,-0.5065368911919392
2393,-0.407314175659797
2394,-0.5926885999420274
2395,-0.13392824117424346
2396,0.7295858844202692
2397,-0.7535871789301835
2398,0.7311799081473241
2399,-0.8924235282042988
2400,0.17674647234359622
2401,-0.5577795256137564
2402,-0.8975018955449282
2403,-0.8378250215258323
2404,-0.7462336001268453
2405,-0.21618500408308183
2406,-0.9602295929592922
2407,-0.6447663278572747
2408,0.8322035520872254
2409,-1.044285726827379
2410,-0.26520549445385
2411,-1.0046499154613384
2412,-0.6776083893919688
2413,-0.9592301868161905
2414,-1.1967815132281554
2415,0.21367381840070238
2416,-1.007543718562202
2417,-0.9352044476382575
2418,-0.9043811572992096
2419,-0.8498574014157046
2420,-0.2636682117018809
2421,-0.7591400031166561
2422,-0.543779278448808
2423,0.5993567198154057
2424,-0.6796879909134589
2425,-0.16176330698242927
2426,-0.48703705090947175
2427,-0.2944252063950742
2428,0.6900013062779703
2429,-0.8866679318124304
2430,-0.03452161179447967
2431,88.71288259466596
2432,0.38015351553297094
2433,0.48844083427374424
2434,0.41662539944500027
2435,0.23709823772418384
2436,0.5028891423136467
2437,0.2739551676730243
2438,0.9089204873433656
2439,0.7893171362900273
2440,-0.32908986778686145
2441,0.7600600823621312
2442,-0.6270311740209328
2443,0.7600394238213672
2444,0.7030350181332775
2445,0.22711884748911307
2446,1.0897017739212904
2447,0.8446679697407711
2448,0.7462510785500445
2449,0.5646110716724112
2450,-0.131851711890033
2451,0.9047381425099132
2452,0.7643468747297735
2453,0.5851298651157747
2454,0.5597076287857252
2455,0.39311493020589494
2456,-0.3088200589734117
2457,0.9663295255129435
2458,0.8769869055849989
2459,0.43665529075017756
2460,0.2669412611540365
2461,0.5191895915762581
2462,0.3959614822824497
2463,1.0716502408109225
2464,0.6770222702448017
2465,0.38243131866914887
2466,0.563743236822148
2467,0.42249840865538546
2468,0.9271686645798961
2469,0.7147416077630653
2470,0.3213115707675084
2471,0.9144108311970434
2472,1.050258928628442
2473,0.7578231212722202
2474,0.8278851682957985
2475,-0.49892476607976477
2476,0.736108513312277
2477,1.0447752308353038
2478,0.7851546719626612
2479,0.6526738131056333
2480,0.34786165012956355
2481,0.5348162811898145
2482,0.3469929855951623
2483,0.9066321775128638
2484,0.9074693330265556
2485,0.20442166275859402
2486,0.8718294497118196
2487,0.9825202738178898
2488,0.6334029070579726
2489,2.2642918777857957
2490,-0.0031542135387933184
2491,1.2639807374011534
2492,0.6134199520217632
2493,1.0096729722488835
2494,0.6585722585802523
2495,0.29343216560052127
2496,0.6903975927932496
2497,0.3555411929018799
2498,1.388028587447411
2499,0.6133819682889717
2500,0.33195902000623095
2501,0.7755956240381663
2502,0.6263310007999504
2503,-0.0799367866298141
2504,0.8800274007050684
2505,0.8948360898211719
2506,0.7600721883928793
2507,1.304531615937311
2508,-0.4128491111029348
2509,0.7231924166883015
2510,1.1138114992290191
2511,1.036067237703388
2512,0.689062236252318
2513,0.37204469718889416
2514,0.9349831136867132
2515,0.5180357554937646
2516,0.8887339983820425
2517,0.5269012889113072
2518,0.5397780083096806
2519,0.927103980111533
2520,0.6100940774037338
2521,1.0092617093348426
2522,0.8352652041829339
2523,0.23900274927797832
2524,0.9565774188941172
2525,-0.5684932993629994
2526,1.1609756588556641
2527,-0.8109970504035027
2528,0.7005581683518978
2529,-0.6985393646544517
2530,0.8339635864274378
2531,0.9481248837635083
2532,0.7756215760117603
2533,0.4231017570008157
2534,0.8145051926170013
2535,0.44789504181169976
2536,1.1590847608195463
2537,0.8746951758432855
2538,0.18619963347072793
2539,0.9401953882424436
2540,1.0663865071190923
2541,1.0102510402690896
2542,0.7291378724490264
2543,-0.29496832203272466
2544,0.9265277653480848
2545,0.5499592479916591
2546,1.1754330440450438
2547,-0.872688257101329
2548,-0.4154015400858784
2549,1.0562615294102882
2550,-0.590844261831234
2551,0.9236858033158795
2552,0.9971551618883001
2553,0.188053116870465
2554,1.1049020149351971
2555,1.201589684826301
2556,1.2729084019334018
2557,-1.0252990681987404
2558,0.6659382821057837
2559,-0.851279426047162
2560,1.6160401201202605
2561,-1.1437388060989393
2562,0.9675077294843374
2563,-0.3685569615834911
2564,1.160878138562389
2565,0.6920454322066876
2566,1.4156041305412366
2567,-1.2696307629110284
2568,-0.35053108806773725
2569,-1.0083952742632554
2570,0.7356845898552868
2571,0.9268384880432275
2572,-1.0031114707482676
2573,0.218803175732132
2574,1.6515448139658773
2575,-0.9739199635733125
2576,1.2020230462869956
2577,1.1278117829511913
2578,0.5001351517630165
2579,1.1021556089541296
2580,0.6871692614995029
2581,1.3008707668355897
2582,1.0485807415837034
2583,-0.14685917162086887
2584,-0.9887324456045912
2585,1.1075375400203715
2586,0.6794988486870326
2587,-0.7981377304921076
2588,-0.753281402739069
2589,-1.304051898457423
2590,-0.9238719561865457
2591,-1.4484696028735797
2592,-1.529365844520097
2593,-0.8295143447287912
2594,-1.3820413250714672
2595,-1.046897525829328
2596,-1.4150310189922137
2597,-1.546624794758109
2598,-0.14271765368673406
2599,-1.5213580334326127
2600,-1.4729575018783154
2601,-1.4469052772286113
2602,-1.0387050910590154
2603,-0.2903291895416585
2604,1.4448219124882171
2605,0.9068141850775837
2606,1.3359423490519091
2607,-1.2034731695377348
2608,-0.40419852105549264
2609,1.395181111466692
2610,0.9239428734995566
2611,1.341899892438499
2612,1.2829855980440217
2613,0.12624660411224667
2614,-1.6070260335601847
2615,-1.5378910404338888
2616,-1.3266505926972803
2617,-1.5411826537578548
2618,-0.12952628273947564
2619,-1.538089252570976
2620,-1.685663404655289
2621,-1.4049358580599354
2622,-1.2766160424781767
2623,-0.12489583344607762
2624,-1.356668030275709
2625,1.2254696972719608
2626,1.36437988683501
2627,-1.2998328498304264
2628,-0.0759938711739031
2629,-1.270286856573869
2630,-1.0976057042880885
2631,1.303677402409556
2632,-1.4384913442649683
2633,-0.13657625959865657
2634,1.8031583958789308
2635,-1.4711962883301946
2636,-1.4737673562434241
2637,-1.2594380606343427
2638,-0.43407218664655733
2639,-1.563125505016854
2640,-0.866307488159602
2641,1.9210947152641513
2642,-1.5040527990535988
2643,0.40013805780704104
2644,-0.9681454010230328
2645,-1.2949928941742115
2646,-1.1377276059007029
2647,-0.7752016899726116
2648,-0.25150655996376414
2649,1.4097733199612732
2650,1.095786990275497
2651,-1.086927732581237
2652,1.2552031908991659
2653,0.07327452849074022
2654,1.3124824167060927
2655,1.4067224343160332
2656,1.3587134842010211
2657,1.6790698107136863
2658,-0.3162295617712722
2659,1.5144162092054967
2660,1.8483011937801574
2661,1.7578616442752646
2662,1.1803017226823462
2663,0.24514307625597273
2664,1.658162467384063
2665,1.1418898652795397
2666,1.3436143812471861
2667,-1.2217404655125939
2668,0.34712355837301023
2669,-1.2757254179039519
2670,0.7442996204707868
2671,1.2962349233759272
2672,1.2604446228641724
2673,0.09354316873642955
2674,1.3223606693396122
2675,0.8908018810268531
2676,1.5137943445659916
2677,-1.081972081385191
2678,-0.28434887794483626
2679,1.3940862266722904
2680,0.955901063528632
2681,1.589447045781138
2682,-1.3414337801325815
2683,-0.3765358484944684
2684,-1.3552404343143085
2685,-0.9865909682473007
2686,1.8866656659758474
2687,-1.5553448545341562
2688,-0.3031792309664008
2689,-1.187095197803247
2690,-0.8530710024356348
2691,-1.276402916162915
2692,-1.1120767300340568
2693,-0.05220967792592552
2694,1.4956753641698817
2695,-1.2599224237870759
2696,1.146329718545808
2697,1.0680828828042963
2698,0.25216737621112006
2699,3.14039789501236
2700,1.3815136144422473
2701,2.426514132413252
2702,1.5305360853429149
2703,-0.12395697556832251
2704,2.066497124451875
2705,1.8518249605127635
2706,2.4150865431638273
2707,-1.8091146501150406
2708,0.2758367447724663
2709,2.215171305174961
2710,-1.8585159165437979
2711,-1.98623073870499
2712,-1.5732831801330083
2713,-0.1534403956698778
2714,-1.8260496400178845
2715,-1.9709248205393313
2716,-1.4867403872521752
2717,-1.8978057307239524
2718,-0.08719018188323019
2719,-1.6932581871404886
2720,-1.5440603926730978
2721,1.5513076053303172
2722,-1.7337419914425678
2723,-0.3789989608509945
2724,-1.6003673894368629
2725,1.1902604649835575
2726,-1.7925235281422647
2727,-1.9023793807150324
2728,-0.2718148519392387
2729,1.8004433376609306
2730,-1.562542766426348
2731,1.862026611949886
2732,-1.8019499004063606
2733,-0.3117967264107038
2734,-2.1764824166889576
2735,-1.6831151633915646
2736,-1.857263840115968
2737,-2.0428402758205957
2738,0.47431699582108583
2739,-1.8254033455209007
2740,-1.8918235755436792
2741,-1.9405065526757146
2742,-1.5819199742222987
2743,-0.25081880667334294
2744,1.8098427102249022
2745,-1.4415262930354122
2746,2.038044170806686
2747,-1.8289332205880406
2748,-0.23708820735765337
2749,-2.1721881646450654
2750,1.700443384117445
2751,2.316700734559904
2752,-2.30777784358326
2753,-0.1364535591800235
2754,2.4358961071900254
2755,-2.23097656023029
2756,-2.3748408563862538
2757,-2.4001643132338675
2758,0.2931258141909027
2759,-2.3212422903554075
2760,-1.717360118582064
2761,-2.3494968802096023
2762,-2.061019863937041
2763,-0.12582912333452786
2764,-1.8662294350214779
2765,-1.9030065197234334
2766,1.5278005930590217
2767,-1.5036623065215415
2768,0.08315592897783228
2769,1.615550941069849
2770,1.5352126616091972
2771,1.5993923497000568
2772,1.5677176008733658
2773,-0.1848728836996884
2774,1.8934771795045067
2775,1.5279794905611441
2776,1.9547502157122971
2777,-1.8472423281742492
2778,-0.1678545739526055
2779,-1.6482755525417812
2780,-2.0506286101038413
2781,2.078158003243856
2782,-1.9310967437592585
2783,-0.28673010633613016
2784,1.9610294135774025
2785,-1.5654546767587603
2786,-2.0172921214646102
2787,-1.8826428147800922
2788,-0.24562670750762639
2789,-2.0969373655558052
2790,-1.4312618366002299
2791,-1.4572936511072159
2792,-1.7401156378094929
2793,-0.03218039875220533
2794,-1.4672203814522475
2795,-1.3855551081169084
2796,-1.4609254444523885
2797,-1.6980313585407234
2798,-0.1776594283694291
2799,-1.723477691896352
2800,1.6184701875402145
2801,-2.167441852222319
2802,-1.8390168025207299
2803,-0.20985058336712453
2804,-2.0573615964362877
2805,1.6433599409430049
2806,2.488898187468114
2807,2.256292812236995
2808,-0.15162685095828196
2809,-2.1976664302524482
2810,-1.9347803969820587
2811,2.2619577467800127
2812,-2.28499955243037
2813,0.1533801928522225
2814,2.109701309898659
2815,-1.704129278880889
2816,1.8351434508297841
2817,-1.9094137369222195
2818,-0.17771044199107913
2819,2.0139535424243675
2820,-1.4931208976561925
2821,1.9147080382717043
2822,-1.6803951671926007
2823,-0.15415183950572336
2824,-1.4731542576180539
2825,1.089540530169393
2826,1.8825526246091553
2827,-1.4213682952210496
2828,-0.09350609555285322
2829,1.4432470952955372
2830,-1.315390887641776
2831,-1.777109296337824
2832,-1.9228981786850905
2833,-0.09589312532865334
2834,1.6781683681040027
2835,-1.8788345821751307
2836,2.2085946595767556
2837,-1.9554776634338635
2838,-0.21234421935779077
2839,-2.207063953577745
2840,-1.9522734226864413
2841,-2.431422203560668
2842,-2.766584342164373
2843,0.2824087070980058
2844,-2.541219893065749
2845,-2.4540285821035286
2846,-2.812376915352653
2847,-2.3346193399677686
2848,-0.24999951328705924
2849,-2.241721406114132
2850,-1.67975590466634
2851,-1.5568400158402382
2852,-1.617742416786406
2853,-0.18681056814729688
2854,-1.5410734631969951
2855,-1.3775012755900036
2856,-1.6785548248197806
2857,-1.620828829625822
2858,-0.15812335500810376
2859,-1.6377524923315867
2860,2.0211547890636883
2861,-1.69006632735325
2862,1.8855168528816262
2863,-0.10425439545166393
2864,2.1831761345597718
2865,-2.0561682031808695
2866,2.463351836872361
2867,2.1556738619872178
2868,-0.06470873351434701
2869,2.5815036230732624
2870,2.2890474222805794
2871,3.234467533804124
2872,2.531909458502172
2873,0.09156523224829
2874,3.2734553835880686
2875,4.065353324274998
2876,3.187252087703964
2877,3.088628818448387
2878,0.22374818622417128
2879,3.2775628204639737
2880,2.4824739331554624
2881,2.7333841094009084
2882,2.756041863025188
2883,0.20940912162259087
2884,2.1056992067561118
2885,1.617074947501474
2886,1.916556917680784
2887,-1.5770157723297085
2888,-0.18320872345724953
2889,1.5810659510845946
2890,1.6025781708986675
2891,1.8813563194982676
2892,-1.3825224446357829
2893,0.1645686091053291
2894,1.5144002207492706
2895,1.1129139901581186
2896,1.8780437984304243
2897,1.7469434305720726
2898,0.09912771597216057
2899,1.7270263682520999
2900,1.3582839708434438
2901,1.6186927163465965
2902,-93.60712611337804
2903,0.08412317690812142
2904,0.4741371046093832
2905,-0.47072407326272836
2906,0.41500434180764717
2907,-0.48813400777582755
2908,0.098902934523163
2909,-0.3813423605658369
2910,-0.4692227212626113
2911,-0.26604744185700463
2912,0.20208382387114415
2913,-0.07673536660628902
2914,-0.27703286438557284
2915,-0.40044947623552923
2916,0.24943635438937192
2917,-0.20395694526077132
2918,0.22596181504738833
2919,-0.3177027532362105
2920,-0.27655957874460557
2921,-0.36449254410282783
2922,-0.22677163362980068
2923,-0.17316989556396575
2924,-0.31255186114727435
2925,-0.19335256826423064
2926,-0.2813640908611314
2927,-0.3713235494340925
2928,-0.20061607416719157
2929,-0.31050959709137593
2930,-0.37468372521883947
2931,-0.2953764588818713
2932,-0.3513020525649752
2933,-0.16315297297141812
2934,-0.34748240781885287
2935,-0.2213208596712599
2936,-0.26749856930079924
2937,-0.3752118466468987
2938,-0.1308645450537789
2939,0.31977247464031916
2940,-0.43443801173388946
2941,-0.2610989905667436
2942,-0.3431098181964106
2943,-0.10102179070070233
2944,-0.2875015520861738
2945,-0.3886046176783616
2946,-0.2978197589166403
2947,-0.25657150776914356
2948,-0.1832968168179026
2949,-0.3609445744599564
2950,-0.23667319263912445
2951,0.2135347364747083
2952,-0.2350618546638962
2953,-0.1150487407763983
2954,-0.2985607389265576
2955,-0.24043728193447975
2956,-0.29721832666825926
2957,-0.4254582091094113
2958,-0.11581961543073857
2959,-0.25048220364862783
2960,-0.29794053424193706
2961,-0.2204497173953988
2962,-0.18736433117146467
2963,-0.09192829379981853
2964,-0.23269001454642105
2965,-0.22374910342385826
2966,-0.26810019970763094
2967,-0.18637237222541686
2968,-0.11042456932689702
2969,-0.2982556527621727
2970,-0.14247860103580767
2971,0.1312645177690385
2972,-0.1556434214531705
2973,0.063667875552402
2974,-0.11130709053140869
2975,-0.1733913662612027
2976,-0.2501240892200099
2977,-0.1835350711447079
2978,-0.08974572774950185
2979,-0.29196115683275875
2980,-0.17719961743576235
2981,0.21938278370316291
2982,0.29272847675660574
2983,0.05003182925013357
2984,0.43235802458315864
2985,-0.2516066943868149
2986,0.2930150058131598
2987,-0.3112193206608628
2988,-0.08301529392453358
2989,0.236715047734052
2990,-0.3042390101604026
2991,0.3324039633237943
2992,-0.38140427807652144
2993,-0.062051479855620345
2994,-0.2024198654498361
2995,-0.11102551475341199
2996,0.2827920417277378
2997,-0.26722438896554623
2998,-0.0817302617764315
2999,-0.26684277951102603
3000,-0.21999185882474662
3001,0.24799503915659707
3002,-0.31693871730323764
3003,0.026125761399376977
3004,-0.32632110867731384
3005,-0.24698586944245227
3006,-0.027670422940889013
3007,-0.19840510765754776
3008,-0.20357597709810615
3009,-0.18500643501432568
3010,0.2063484017173181
3011,-0.05058187234001625
3012,0.24468073738805615
3013,0.18631263769012377
3014,-0.21499767395829902
3015,-0.21750565607732036
3016,0.026951996840555482
3017,0.27656645705344346
3018,-0.18135858446359612
3019,0.3355575789522907
3020,-0.2731675938639801
3021,0.1168425679111248
3022,0.3062526502369909
3023,0.21604235274508676
3024,0.4199792433811347
3025,-0.3238255841552333
3026,0.16755866220755478
3027,0.26184893836976736
3028,0.2078753314952067
3029,0.390482761843718
3030,-0.326043914895425
3031,0.07626351465249975
3032,0.20846242014186409
3033,0.16138710706194828
3034,0.35023385317172895
3035,0.4137819151559326
3036,0.144918537471551
3037,0.25540644740474194
3038,0.316428296614238
3039,0.21264479479754858
3040,0.14661461289244002
3041,-0.03491822748139454
3042,0.3623203338472104
3043,-0.3092392314978969
3044,0.2875706141264764
3045,0.3440407909560091
3046,0.131862146763951
3047,-0.23346273847703672
3048,0.32728121523996084
3049,0.18909438892388028
3050,0.1750135137487935
3051,-0.08090701676696431
3052,-0.357344641749607
3053,0.33680523414924746
3054,0.4266201545474491
3055,0.29095279263307305
3056,0.09191770313329298
3057,-0.2545949836916886
3058,-0.2978563966229992
3059,-0.37312780320566363
3060,-0.28752879325095476
3061,0.06028173173507099
3062,0.2760114955191143
3063,0.21180402612418925
3064,0.349732575567362
3065,0.24262940092969748
3066,0.09399588573274265
3067,0.1743582475518481
3068,-0.12896949353820614
3069,0.1764091699367527
3070,-0.12546665190864414
3071,0.05774287828918779
3072,-0.08454565882521842
3073,-0.10418544493703724
3074,-0.11695018746450138
3075,-0.07874316476117338
3076,-0.052002480966335474
3077,-0.09994536913380793
3078,-0.06164797905583344
3079,-0.065697707748131
3080,-0.11627692694559369
3081,-0.01723324462384314
3082,0.17465474827654132
3083,-0.16648236657843132
3084,0.1621041236066371
3085,-0.15416639042461805
3086,-0.03543302138136594
3087,0.13994501080939578
3088,-0.14019329437166056
3089,-0.14112878750416527
3090,0.11289995162012777
3091,0.0023447421295518427
3092,104.56383564131332
3093,1.9111513224623415
3094,-1.8299706369358713
3095,-2.030124953101648
3096,-0.14099362055596204
3097,-1.9892094925310604
3098,-2.2196383257125616
3099,-1.9100415470737335
3100,-1.8129487567015647
3101,0.23037504303198603
3102,-2.0300256299173545
3103,-2.0333864828967676
3104,-1.6863384859105097
3105,-3.213576486647992
3106,0.17455715841982278
3107,-2.139479248102067
3108,1.354403290143646
3109,-1.7763158258679197
3110,-1.9088051200469442
3111,-0.26640377019763983
3112,2.118635932876733
3113,-1.8622895470168055
3114,1.7878161451263115
3115,-1.6605940184463286
3116,-0.43307451250290074
3117,-1.6225994976479583
3118,-1.087175299557183
3119,-1.6412439565433454
3120,1.6860440409156998
3121,0.24259948894546057
3122,1.9269687607598736
3123,-1.744679424242116
3124,1.5514531543377077
3125,1.9968905805534465
3126,0.20069889613537434
3127,2.1118983788568393
3128,-1.5785586515513466
3129,2.0339157091637037
3130,-1.6630278668318363
3131,0.502411386930731
3132,1.6446582495174937
3133,1.1823147702639714
3134,1.9185470362962993
3135,-1.5102290750744751
3136,-0.4602346567555701
3137,-1.4045683621007172
3138,-0.8367194558461134
3139,-1.2938389531927283
3140,1.1006032331843862
3141,0.29058228444553846
3142,-1.0213154464803573
3143,-1.0815890430702897
3144,-0.7330254484102643
3145,0.7594722739745253
3146,-0.2563589848428882
3147,-1.2141710414254394
3148,-0.845943480597515
3149,-1.1059814540619242
3150,-0.6705530179050757
3151,-0.1900500801216809
3152,-0.6221641215517044
3153,-0.774009469232554
3154,-0.5080183913795644
3155,-0.790554570873792
3156,-0.22316021642238557
3157,-0.7828354905337411
3158,-0.8897564819369509
3159,-0.5481521725991905
3160,-0.6157513246714035
3161,0.39015234105509145
3162,-0.5403633970972098
3163,-0.7379734446308568
3164,-0.8040251602842026
3165,-0.46825061348709046
3166,0.4023794984055701
3167,-0.6109206748109035
3168,0.6188822354016601
3169,0.7042267059179012
3170,0.5771049285697453
3171,-0.09113392656438944
3172,-0.5652828510836678
3173,0.8224907493136123
3174,0.45239985898132784
3175,-0.5951056573753216
3176,0.2995835868796772
3177,-0.4642258838314884
3178,0.5034532854423895
3179,0.8307917671608402
3180,0.467817659461925
3181,0.21194427296493945
3182,-0.4461912739114972
3183,0.24769267192472574
3184,0.5032704917388883
3185,0.6969956357796205
3186,0.25988155626138026
3187,1.0553712810267581
3188,1.1777637605510956
3189,0.953181271031059
3190,1.0213349955470488
3191,-0.0008985135569707433
3192,1.6626710055927567
3193,0.868180245268715
3194,1.2881730760711334
3195,-0.6651126154051689
3196,0.6220581920091885
3197,0.9332298533068147
3198,0.7559063468657988
3199,1.4170022356800644
3200,-1.2009345492504278
3201,-0.06171790790019702
3202,-76.62775480073601
3203,-29.719484401359725
3204,-21.769265057272808
3205,-7.1359075528670735
3206,-0.06570002953509833
3207,9.435746523411122
3208,13.611510854885648
3209,15.643659205338002
3210,16.093854051101967
3211,-0.10231363456660497
3212,13.965002588719553
3213,-16.995813093403605
3214,19.16703462058361
3215,25.83106740029201
3216,0.028352096496691695
3217,-25.31569928027923
3218,-27.18175481462664
3219,-29.483105394448952
3220,-30.54679094359241
3221,-0.027896147890821645
3222,-31.75363478320404
3223,-28.210059243969173
3224,-26.420863361615385
3225,-23.586381902225405
3226,0.000792270464404434
3227,-22.108791891303646
3228,-12.707774294467624
3229,-3.975046015907738
3230,3.038335526248222
3231,-0.04687834330063766
3232,4.232004797166722
3233,4.631649989153064
3234,5.079243233999609
3235,-16.18969893769865
3236,0.007851640695009869
3237,0.35625604966830254
3238,0.3421432016520028
3239,-0.332430309940014
3240,-0.3298965631951843
3241,-0.013920752474921848
3242,0.33771520281486295
3243,-0.27169624430056366
3244,0.3168142793884593
3245,-0.31472706480462465
3246,0.032846821169764104
3247,-0.31689801618184
3248,0.3361762202189116
3249,-0.35382635611984425
3250,-0.36038897538785375
3251,-0.020549365175437727
3252,0.36058205927191633
3253,-0.2904287187561741
3254,0.3245775250337848
3255,-0.3268368174544969
3256,-0.027263642956516742
3257,0.329412292499296
3258,-0.27618297744694154
3259,-0.2802261817208736
3260,-0.2463117769369283
3261,0.01073272168506404
3262,0.2607903224495653
3263,-0.25558010108463003
3264,52.67336614548657
3265,1.0191002597879675
3266,-0.30421830558596813
3267,1.4843660894773592
3268,-0.9265523520722848
3269,1.153575052422151
3270,1.2589568321193392
3271,0.23214348380933383
3272,1.3628711076479154
3273,-1.6980746023295905
3274,-1.9450662936993925
3275,-2.558555763255671
3276,-0.13191652091810632
3277,-2.793718685787206
3278,-3.3745984785836827
3279,-3.8702328986426497
3280,3.6034717268893544
3281,0.043655732313882104
3282,4.015870280989116
3283,5.334719849911445
3284,6.339663373473359
3285,3.4197560632460395
3286,0.29015814607501367
3287,2.9118119713534987
3288,2.8661279213889332
3289,3.1367517542079666
3290,2.8696193359804627
3291,0.16041627222075627
3292,3.3933052048117007
3293,2.6372035912909317
3294,2.991825539988841
3295,2.995283538946023
3296,0.17302269820223412
3297,3.0653659193896377
3298,2.8781512000075655
3299,2.504043343440701
3300,2.797848037103091
3301,-0.5143410756068455
3302,3.2876415558009926
3303,2.766967504254096
3304,3.4390791091411357
3305,2.8746503673284747
3306,0.3759143811577831
3307,3.044492152891856
3308,3.3533298794913935
3309,3.083484165474874
3310,2.9429424378694478
3311,-0.27176327217397545
3312,3.076308304088727
3313,-2.6901131325216068
3314,3.204629485158569
3315,2.7294980221336904
3316,-0.25898283093164404
3317,3.0493467495175115
3318,2.590118184706171
3319,3.038333827524189
3320,2.5677762263270676
3321,0.44935744399373967
3322,2.501532236030227
3323,2.8758573271175307
3324,2.6966497478120215
3325,2.8295469636595825
3326,-0.22956804052537028
3327,3.342857940109458
3328,2.629580617615939
3329,3.4479162166516586
3330,2.947464997783939
3331,-0.3290447909846785
3332,3.1977119422321545
3333,2.941759932432166
3334,2.9970249236822584
3335,3.4160939313266554
3336,-0.24485378997387178
3337,3.460607302889601
3338,-2.846280187223922
3339,3.498780898908119
3340,-2.8603739271982134
3341,-0.3822333483475129
3342,3.2872576292381215
3343,2.842934536449825
3344,3.635585547262311
3345,-2.8474194012072926
3346,-0.19432682065748652
3347,3.3083876655397106
3348,-3.072811458724075
3349,3.0684787171224843
3350,3.3185112701019013
3351,-0.22145011014566301
3352,-3.1395758069315405
3353,3.263730194197312
3354,3.2877953323347513
3355,3.160592407305987
3356,-0.08179700164706531
3357,3.548432112937199
3358,-3.1410496093688867
3359,3.182784014013823
3360,-81.2089800351691
3361,-0.003852450531920846
3362,-0.1888083390874375
3363,0.21893912082546033
3364,0.20329937403507006
3365,0.24477720598400543
3366,-0.1021361762256843
3367,-0.339974353526873
3368,0.4060125141498822
3369,0.31999617399548874
3370,0.3437999986423397
3371,0.1456969594213492
3372,-0.3053326898557531
3373,0.43927856981588337
3374,0.5085793080812965
3375,0.46194697308512017
3376,0.07074801011267141
3377,0.5339046919173938
3378,0.35773321973389494
3379,0.5590380617270228
3380,-0.43668043258781364
3381,-0.0492817563818655
3382,0.45187633086166284
3383,-0.407098069887891
3384,0.36703853928719504
3385,0.597096601976118
3386,0.0590463780362976
3387,0.6621776276331218
3388,-0.5931033082404839
3389,0.5269275522777123
3390,0.653444982430272
3391,0.05109064757974828
3392,0.7579097252668557
3393,-0.6972506277612602
3394,0.8018763538352035
3395,0.7720508618249599
3396,0.01636310250910517
3397,0.6434812488772099
3398,-0.5545610424459471
3399,0.5862257972911594
3400,-0.4571470869805616
3401,-0.04752804102600745
3402,0.598495915643286
3403,-0.5290264164718148
3404,0.6035581299085077
3405,-0.4852034558239349
3406,-0.0383420070447977
3407,0.5026469009580911
3408,-0.46565900074834254
3409,0.6870299958786799
3410,-0.5833939453666319
3411,0.020332445505652434
3412,0.6924748793453448
3413,-0.5827531714206986
3414,0.6236592821256147
3415,-0.46046172462534923
3416,0.00814280110515285
3417,18.25568527972589
3418,6.060026725016052
3419,6.319739791543464
3420,6.4484904565000365
3421,-0.03416636910009122
3422,7.79729078171154
3423,7.862291247776327
3424,9.2087862193712
3425,18.695887642064964
3426,-0.08366367905627284
3427,15.449288977294437
3428,18.71375036645507
3429,19.699779070435202
3430,22.891993023464064
3431,-0.46901299899656873
3432,23.74867865633837
3433,26.85984143935597
3434,25.254104096018647
3435,23.838389193025694
3436,-0.2357674715219372
3437,20.14800525519041
3438,11.935620417951066
3439,-9.457607192976308
3440,-14.013110993812324
3441,-0.5957729798999046
3442,-15.552410456339011
3443,-17.806738836297033
3444,-23.585987558920134
3445,-23.404357206385665
3446,-0.2400234087554825
3447,-22.959482619300744
3448,-26.769817219076
3449,-18.988369599547855
3450,20.108271876854268
3451,-0.06291430078909177
3452,-18.45414473930713
3453,-19.54965882624987
3454,-15.188274326357805
3455,-14.343044509385617
3456,-0.06580875970463478
3457,11.0791818262375
3458,-12.388038808314734
3459,8.772756061231238
3460,-6.66551282405491
3461,-0.572924458962138
3462,-8.192173281807403
3463,-4.451535231658698
3464,-5.717547495873473
3465,-5.393818229300913
3466,-1.5428419996073244
3467,-5.642745305747265
3468,-3.6348078819098903
3469,-5.64870560476842
3470,-5.723523798990671
3471,-0.6463530491040119
3472,-6.598998932040273
3473,-2.9372266842594086
3474,-4.796078962824675
3475,-6.612174449159341
3476,-0.8552025976753768
3477,-5.504571613465654
3478,-4.66177601011992
3479,-4.026723267893993
3480,-3.8169904800947188
3481,-0.06463081404288348
3482,-3.6151547235556865
3483,-4.272907394692864
3484,-3.795073451207248
3485,-4.267472814749198
3486,-0.09708383957368161
3487,-3.6027384485093648
3488,-4.756855084680024
3489,-4.233797131609487
3490,-3.9817658198744166
3491,-0.4675726568323451
3492,-4.090852106921222
3493,-2.985856160319219
3494,-3.431827799670981
3495,-3.9452542760991287
3496,-0.09442309241064438
3497,-3.97069219299801
3498,-4.2645162947567
3499,-3.8158511080582467
3500,-4.305362720540211
3501,-0.11774575285735267
3502,-3.877768393833656
3503,-4.182832098409921
3504,-0.09555171409638688
3505,-3.9309354817056525
3506,-4.3333451641354195
3507,-4.138449016999554
3508,-3.882641957255223
3509,-0.05688508022340004
3510,-4.874592570683742
3511,-3.497181981890113
3512,-4.006605886546396
3513,-3.731877922012141
3514,-0.041891245437593455
3515,-3.1826455986412947
3516,-4.4219399180445516
3517,-3.6036449646953104
3518,-4.380520039512799
3519,0.0006422609086296698
3520,-3.375603015692547
3521,-4.190723878555747
3522,-3.845181313485606
3523,-3.575475927413463
3524,-0.00855432523417442
3525,-3.1580581783768773
3526,-2.9233019879388173
3527,-2.9611018751344926
3528,-2.6904164699243123
3529,-0.013576017937754745
3530,-1.9728389615478241
3531,-2.0351055554239084
3532,-1.8606080362282307
3533,-1.7215485111008726
3534,-0.0071030900405370445
3535,-1.8095141954414529
3536,1.6296186683032268
3537,1.7261751708573703
3538,-1.7717502376152614
3539,-0.0019274923978788087
3540,1.8281448420256583
3541,1.8888526092249955
3542,-1.9896920186529485
3543,-1.7308931634325582
3544,-0.025875697266145713
3545,2.063108806777844
3546,1.6352017893700916
3547,1.814212073045965
3548,-1.9424393374790783
3549,-0.0039781695979265695
3550,2.410782244477101
3551,-2.5680448060906325
3552,-2.400601202652082
3553,3.0913183609975516
3554,-0.010746564380544506
3555,2.6466291562571427
3556,-2.875482918080452
3557,2.700834360538849
3558,3.057377670704084
3559,-0.009264703338437992
3560,2.965097257238034
3561,-3.334498308400929
3562,-3.054516231644251
3563,3.7859346258034985
3564,-0.0037531686099120357
3565,3.9198170813647515
3566,3.860016735365194
3567,3.78102591101213
3568,3.4621495161338105
3569,0.007982212233477974
3570,3.138594011958948
3571,2.816876911211609
3572,2.980637937457702
3573,-2.7033803351538808
3574,0.25792742422404225
3575,-2.78951976658841
3576,2.9749830424444577
3577,3.1956657499527408
3578,2.9647453098608376
3579,-0.00682950752853698
3580,2.8039098883418503
3581,2.830816002160712
3582,2.507548614798075
3583,2.6784675059254557
3584,-0.004779934546789269
3585,2.723462428292507
3586,2.516013081309234
3587,2.691019655557518
3588,-2.310747784863564
3589,0.048328376505349976
3590,2.211844077264114
3591,1.9778652018894547
3592,2.035804564450984
3593,-2.011362930695374
3594,0.012335246385854608
3595,2.3306685092795285
3596,1.9828969164988048
3597,2.2416104255190215
3598,2.0251460458594837
3599,0.18626326649846248
3600,1.9597260732898356
3601,-1.983041309498499
3602,2.1657361523460965
3603,-2.0888180966712615
3604,0.14918606838855156
3605,2.068523693929781
3606,-2.4111865554196736
3607,-2.487030053951816
3608,-2.697505569816528
3609,-0.012593382691703145
3610,-3.0775892627055987
3611,2.8190150920904316
3612,3.0032863275529613
3613,-3.302972816317304
3614,-0.00539989449625551
3615,-3.45309376154844
3616,-3.4208206830296937
3617,3.101606844988717
3618,-3.223597425908979
3619,0.02581523462649391
3620,-3.1428801244301563
3621,2.990993714116256
3622,3.1919642783083804
3623,3.258895218275586
3624,0.01504248557218489
3625,3.574583724575109
3626,3.2898583231080663
3627,3.857040337917612
3628,3.754764689268224
3629,-0.033768307095997936
3630,4.112744474620518
3631,4.299438200285111
3632,4.243920743109028
3633,4.039519342279385
3634,-0.06854383806718678
3635,4.243562591350441
3636,-3.93204181011684
3637,4.251927444673058
3638,-4.112004835600318
3639,-0.010549383734341545
3640,4.142605934929367
3641,4.625406888232349
3642,4.133907699917487
3643,3.981153025631045
3644,0.009330204857457487
3645,3.7886083944004336
3646,-3.6136022829324643
3647,3.318753800110869
3648,-3.002457492381768
3649,-0.058930836043824424
3650,3.308073662046769
3651,3.8963165711260817
3652,4.27253274410102
3653,4.328243344425498
3654,0.004560767664139931
3655,4.329829028724948
3656,3.5665077782929204
3657,4.13578816860168
3658,4.177240199871825
3659,-0.01624107230431052
3660,4.8333488303591725
3661,4.279735043562729
3662,4.9134562298733
3663,4.751332093472187
3664,0.004118546222905251
3665,5.487474847616025
3666,5.225395164563515
3667,5.524649171045337
3668,5.137370254879507
3669,-0.054633754832462814
3670,5.449891925775939
3671,5.174273597771702
3672,5.2242573428130195
3673,4.806839866477726
3674,-0.04142031084470847
3675,6.241406313726252
3676,7.103024971671095
3677,7.549813398144487
3678,8.700510243333316
3679,-0.18226057691072156
3680,9.094213309187277
3681,8.713737342552758
3682,9.678032881616621
3683,9.654342059304787
3684,-0.01256297495296714
3685,8.365009952162634
3686,6.655948743101426
3687,3.685567493525046
3688,1.658791594585842
3689,0.31301327238216153
3690,-1.731183101256934
3691,-2.3900112798307673
3692,-3.5342917476736604
3693,-4.368479128816031
3694,-0.07514648154185637
3695,3.8531354484693914
3696,4.0306589021333865
3697,3.6575002650531148
3698,-3.211526087998305
3699,-0.07251378918254119
3700,-3.0551320941772735
3701,-2.357792008270081
3702,-2.846462831992232
3703,-2.702446942422982
3704,-0.021830353173777895
3705,-2.823414636051953
3706,-2.7497174306676544
3707,-2.8102857955270166
3708,-2.9363397734347743
3709,-0.013927719351396958
3710,-2.923164396574446
3711,-3.189160564697099
3712,-3.188099692076215
3713,-3.3301376264545843
3714,-0.022644496822854087
3715,-3.0731325630336648
3716,-3.3068306932608453
3717,3.0753140755625052
3718,-3.3285413600239835
3719,-0.08021172329877886
3720,-3.0135053363330506
3721,-2.7907647361519645
3722,-2.8711173661283556
3723,-2.570648997235837
3724,0.057936922200999594
3725,2.6499251998242457
3726,-2.776686916344867
3727,2.389622184765227
3728,-3.0904016202024387
3729,-0.04199421177467977
3730,2.8836218598351104
3731,-2.9121388191723105
3732,2.647321929222395
3733,-2.8889570048929047
3734,0.09019922982699614
3735,-2.429498091921495
3736,2.582205885034537
3737,-2.464374944656679
3738,-2.6420525746270584
3739,-0.08775170866170119
3740,2.4486987562871603
3741,-2.5851689923864036
3742,2.5011242532520597
3743,-2.5993838811506604
3744,-0.05431355765587643
3745,2.5512815379691363
3746,-1.857737078067503
3747,-2.49956723806673
3748,-2.293388384518703
3749,-0.09360522767826028
3750,-2.4679789249372543
3751,-2.211349562531596
3752,-2.1643417012987327
3753,-1.9543743728949055
3754,-0.030821726018803914
3755,1.8625713661428884
3756,-1.8831056821501215
3757,2.0358084494305397
3758,-1.8897250374885686
3759,-0.11826458831647978
3760,2.359649190638195
3761,1.7037632147627895
3762,2.5356144643444716
3763,2.288588608101942
3764,0.039818785871898056
3765,2.7101924031922042
3766,2.962556617199475
3767,3.261347221936419
3768,3.196967378526653
3769,-0.021553630459044605
3770,4.045895414598494
3771,3.7200374363965785
3772,4.251229567952375
3773,4.142819032201937
3774,-0.011383396329474159
3775,4.801609965481716
3776,4.481782180190007
3777,5.090619178706021
3778,4.814732449604139
3779,0.020808028501511987
3780,5.400793853059549
3781,5.428409020782916
3782,6.085648873559444
3783,-6.060484962020588
3784,0.03488725447776298
3785,-7.061820582045048
3786,7.522152552872969
3787,8.907598791050049
3788,7.658449709712619
3789,0.025086702454207896
3790,7.740850394738422
3791,7.632477332654583
3792,8.050212218360427
3793,7.609835319196386
3794,0.028946081062393714
3795,8.389705582944439
3796,8.027096490201862
3797,8.10577697434258
3798,8.716433905738672
3799,0.02548677715661526
3800,8.781083048971805
3801,10.015186631252185
3802,9.143939533563731
3803,10.272434499905431
3804,-0.008077823687491048
3805,11.791554965326686
3806,11.695018743896837
3807,12.713199351438396
3808,13.880892103778281
3809,-0.01328014494856957
3810,14.609660098865334
3811,15.189088318306576
3812,16.431749363067272
3813,15.856876999876764
3814,0.010201942859641726
3815,16.76364068068182
3816,15.976858648017485
3817,16.98218654465183
3818,15.222917078561828
3819,0.019327122420543814
3820,15.285511883338962
3821,14.439627062678671
3822,14.223294043688878
3823,12.436860799991077
3824,-0.10470465531569774
3825,13.333378821529193
3826,12.168092690608116
3827,12.771986191898069
3828,-11.967353817348664
3829,-0.07394887465096171
3830,11.18212756821959
3831,10.283960228841877
3832,9.246946104826629
3833,-8.443366352737604
3834,0.020877790664055026
3835,8.041008890695899
3836,-8.389670630138868
3837,8.999932105959063
3838,-8.704943019075634
3839,0.1411746222925917
3840,9.213064060504069
3841,8.900136244006044
3842,-8.349790176629378
3843,-7.749340715437259
3844,0.10491865023252228
3845,6.498284125484634
3846,-6.153691110339126
3847,5.332351734929991
3848,-5.111856497202399
3849,-0.18779895847121594
3850,5.443609752871939
3851,-4.802909214741532
3852,5.420435288243487
3853,-5.361267025815559
3854,0.1578936810594066
3855,5.326562129355833
3856,-6.335929366259449
3857,6.3795148539524655
3858,-6.158060710138948
3859,0.2837743228224834
3860,6.078121448044559
3861,-4.601423955295629
3862,4.735616503617096
3863,-5.320878929461165
3864,-0.14504836472963073
3865,5.617232906761876
3866,-6.8044111667669105
3867,-7.707103519310505
3868,-7.9734767966280655
3869,0.04677770877021471
3870,-7.8830283782363235
3871,-8.25477000970826
3872,-7.860201275699251
3873,-8.091641249449276
3874,0.19205818331886582
3875,-7.202793725735134
3876,-6.690991863975726
3877,5.46930644302242
3878,-5.067057140558896
3879,0.3191074221521073
3880,-4.835074263266476
3881,-3.9957397714385845
3882,4.731056839711438
3883,-5.115402919044367
3884,0.23930371517171253
3885,-5.351283783058531
3886,-4.167495600127348
3887,-4.372786747232275
3888,4.85181708606891
3889,0.3926966333196551
3890,4.56659103636383
3891,4.739674696959917
3892,5.059961062589664
3893,4.82464357229394
3894,0.13583359740135378
3895,4.44101844582803
3896,4.4557708271106655
3897,5.187432124211031
3898,6.832480629199617
3899,-0.31436704848137975
3900,7.170401441757874
3901,6.397649745455987
3902,6.5097624240396454
3903,6.655929252577548
3904,-0.22840202566574647
3905,7.722974976973919
3906,6.909006282803245
3907,7.426971108144851
3908,-7.530753989210681
3909,-0.08195028271027717
3910,7.265158502122618
3911,-6.804420052785404
3912,7.0442468490090455
3913,-6.452659469755385
3914,-0.01606720790742544
3915,-6.824936183924768
3916,-6.009888822181241
3917,7.056391776347309
3918,-6.757640400687776
3919,-0.10662391555139861
3920,-6.978929401565948
3921,6.870355707080962
3922,-6.390350077801214
3923,-6.476467859503063
3924,-0.04985781496189386
3925,6.140906164812636
3926,-6.468697848677139
3927,6.390888612355334
3928,-6.654570710190169
3929,-0.16796554060460456
3930,-6.540592916199437
3931,-6.681838382256744
3932,-6.980043588442287
3933,-7.323361646965693
3934,-0.015880335502288383
3935,-7.733590886243182
3936,-7.078576699075104
3937,-7.468046401928836
3938,-114.58457329152088
3939,0.19579631051898924
3940,0.6699186542629073
3941,0.8131370323473909
3942,0.8471628940695038
3943,0.37642869043389976
3944,-0.10795412206435787
3945,-0.7897926769719539
3946,-0.822621931177173
3947,-1.124111232216177
3948,-1.5403863356407412
3949,-0.1607987252110334
3950,-1.5982194354009358
3951,-1.8314684365179232
3952,-1.250337266230819
3953,-1.3262860614713368
3954,-0.08124496466153472
3955,-1.0592526081651465
3956,-1.026911170236764
3957,-1.0071171862915798
3958,-0.9567743165913729
3959,0.13099939323436302
3960,1.0895548349927537
3961,-1.0320898438446
3962,-0.7706848023970293
3963,0.932658051914165
3964,0.17228280784942457
3965,1.1263430981131277
3966,-1.0146721229753648
3967,0.7827908578607587
3968,1.0506015464447547
3969,0.1619631679977192
3970,0.7055672446986161
3971,140.27888230046145
3972,3.222143001111979
3973,-3.557647920772817
3974,-0.47599979376464235
3975,-3.689566811632579
3976,-2.9377264333778124
3977,-3.322444290301358
3978,-3.3078734895894146
3979,-0.5108449051214626
3980,-3.407988890236979
3981,-3.0352218557558204
3982,3.271816863250508
3983,-3.7665399831836264
3984,-0.3830667809407435
3985,-3.4361876553822195
3986,-2.871411611300281
3987,-3.4623976860674905
3988,-3.0503713270961064
3989,-0.7356328759933359
3990,-3.5366039069824864
3991,-2.7792197470993045
3992,3.1695842362732725
3993,-3.462512060505869
3994,-0.5115520913850371
3995,-3.5225237424944114
3996,-2.7521649329621147
3997,2.96321486066163
3998,-3.4212652513472457
3999,-0.2363604538537369
4000,-2.9949233672236266
4001,-3.063066628656252
4002,2.8986484999930826
4003,-3.3814733222161664
4004,-0.14765827659792663
4005,-2.829368236291934
4006,-3.3823448967898733
4007,0.6012439267061384
4008,-3.176286126187453
4009,-3.211160335011805
4010,-3.3481251268630934
4011,-3.027800526488548
4012,-0.21822983529920814
4013,-3.4812493815432988
4014,-4.053813582694188
4015,-3.8962173787928887
4016,-4.6602108655087555
4017,-0.13831323312381893
4018,-4.346590605525948
4019,-4.9168821770309385
4020,-4.187558878055294
4021,-4.91297485374072
4022,-0.2814178235831227
4023,-4.822104795543976
4024,-3.3673778305308875
4025,-4.3009053005828735
4026,-4.502409978972143
4027,-0.4620006391414635
4028,-3.3525228583445696
4029,-2.600026052892561
4030,-2.706694189537551
4031,-2.837804822869455
4032,-0.1890124486561724
4033,2.529011130578272
4034,-2.6307643891468526
4035,2.641266730569032
4036,-2.5081335145564894
4037,-0.2243370900019209
4038,-2.5538422969272516
4039,-2.359476311841467
4040,2.7604108781933863
4041,-2.7289492760446574
4042,-0.2075347560010246
4043,2.787988973740977
4044,-2.752384582965222
4045,-2.464280170073656
4046,2.6738783239364996
4047,-0.11697092716737136
4048,2.776324324676034
4049,-2.875575583780376
4050,2.8522786707601386
4051,-2.8847801022447586
4052,0.1905556674529142
4053,-2.65315589832919
4054,2.363664192679485
4055,2.7984299681557605
4056,-2.927116306418356
4057,-0.1832966199035437
4058,2.7274259175635223
4059,-2.6449988674006493
4060,2.618029111421646
4061,2.9044108029753417
4062,0.16425252486047512
4063,2.94925780595937
4064,-2.767810034428003
4065,3.0263104729481745
4066,-2.967385867342105
4067,0.282889809020931
4068,2.967642134962951
4069,2.8430457888165717
4070,3.1494592055618607
4071,-2.7820600941585343
4072,0.20342068594593024
4073,3.024425621217176
4074,2.930643720938928
4075,3.5130649358037
4076,3.2596444947869934
4077,-0.10829860098780633
4078,3.062326994186563
4079,2.7381212767493217
4080,3.7501664436074162
4081,7.155180631247186
4082,0.15628164344397988
4083,10.841055971001873
4084,3.1641293626637914
4085,3.662519328396821
4086,4.0492808001432845
4087,-0.005437613276056784
4088,4.147132878299889
4089,3.4665278800162334
4090,3.941005202838471
4091,3.109488146968239
4092,0.263903783246946
4093,3.083367949598472
4094,2.5997003720795484
4095,2.7757114230358777
4096,-2.813794558455258
4097,0.160189746247009
4098,3.2314584223270946
4099,-3.3514783152364673
4100,-3.2413465338110927
4101,-3.330495498930027
4102,0.3812390544714127
4103,3.253578769393498
4104,3.205544142397558
4105,3.1449659275811506
4106,-3.1131448922094695
4107,0.1952860793013189
4108,-6.420464038149362
4109,-6.510159482938972
4110,-4.907076051033405
4111,-3.387647037265994
4112,-0.41321898173272725
4113,3.2790376056051374
4114,2.968028376531872
4115,3.815982533145321
4116,-3.4410590981460483
4117,0.5308286021249843
4118,-3.128597050990677
4119,3.664784609589013
4120,-3.593880826777122
4121,-3.7472048638968265
4122,-0.40981315607992613
4123,-4.044757592210782
4124,-4.280085688181557
4125,-4.23292863100082
4126,-4.700485874821856
4127,-0.5880621842117542
4128,-4.536061570742141
4129,-5.150650001193097
4130,-4.51269288515829
4131,-4.628084731854738
4132,-0.4621013245597583
4133,4.358516936874178
4134,-4.1985196149096655
4135,-3.479633598022912
4136,-3.3195820243436205
4137,-0.07154669002319894
4138,3.1775681871408437
4139,-2.748037671207097
4140,2.995612815904422
4141,-2.779023257259269
4142,0.5396284764838335
4143,2.5401395349675555
4144,2.2377421536208573
4145,2.7345081287771054
4146,-2.5483135227654636
4147,0.5420950781222078
4148,-2.5183659213861804
4149,-2.0756896896393395
4150,2.4993213844869677
4151,-2.7488518766631684
4152,-0.08382235383759057
4153,2.6265219359153233
4154,-3.022607998014941
4155,2.5732875645371367
4156,-2.878250273670429
4157,0.12887738000426585
4158,-3.0940829722364778
4159,-2.371019488378401
4160,2.5793017654621693
4161,-2.849011220505524
4162,-0.13162860489498257
4163,2.517056518091798
4164,-2.660892509759883
4165,2.401716508895505
4166,-2.7690122222392315
4167,-0.12895302490170343
4168,-2.359612415298254
4169,-2.7695570421753124
4170,-2.2682531162657473
4171,-2.59350642125164
4172,-0.32487280521515194
4173,-2.517786192489994
4174,-2.856348986808064
4175,-2.538259837598712
4176,-3.023025377971995
4177,-0.18939384833268835
4178,-3.2035723953893145
4179,-3.2679920410066523
4180,-3.2544145063215986
4181,-3.4130167553099717
4182,0.31549206114147066
4183,-2.732437769734555
4184,3.2383098226716447
4185,3.4554595962678216
4186,3.039138478192601
4187,0.5619522531942064
4188,2.9313143237342802
4189,2.365907138055872
4190,2.836941317682577
4191,-2.315924643431259
4192,-0.18781115596408673
4193,2.867363905404523
4194,-2.5196643949817146
4195,2.5668742965489217
4196,-2.6550316895446637
4197,-0.135628259696153
4198,2.723767733659796
4199,-2.7292774665813275
4200,2.75406003164376
4201,-2.817003031139347
4202,-0.529645540495649
4203,-2.7515860515371435
4204,-2.4394169145395836
4205,-2.606557328812097
4206,-2.9930032265361124
4207,-0.2885596102047119
4208,-2.87317509771524
4209,-2.9759890162135605
4210,-2.863441629858696
4211,-3.249498632354339
4212,-0.12857947254874516
4213,-2.7945170043817207
4214,-3.147874370489094
4215,-3.095006777429154
4216,-3.2902457071375304
4217,-0.11620013255626993
4218,3.1565943437756117
4219,-3.343595237949419
4220,3.350322109049375
4221,-3.5450405485013374
4222,-0.4599953897467438
4223,-3.2436680502965345
4224,-3.13015647629351
4225,-3.328607695415928
4226,-3.6117490440487092
4227,-0.37565535977221826
4228,3.71742511355903
4229,-3.748926800741796
4230,3.7301262973455316
4231,-3.7806965708436118
4232,-0.377590770487186
4233,3.9016785613525657
4234,-4.097050340702235
4235,4.1966506249088456
4236,-4.198654291877966
4237,-0.19746227636238015
4238,3.9128631064937296
4239,3.698656210637994
4240,4.045768874356939
4241,-4.099806283151758
4242,-0.1037159927539849
4243,3.9583661946822826
4244,-4.030761301559693
4245,4.546706305190202
4246,-4.40954102029541
4247,-0.09327418901218375
4248,-108.71796143866713
4249,1.3816079767909373
4250,1.5127144078747934
4251,-1.2106596611623044
4252,-0.11130055258905328
4253,1.8032440136937196
4254,1.2898938346380848
4255,1.9800751901616203
4256,-1.4011677028916472
4257,-0.14041125744951494
4258,1.5842124254666905
4259,-1.3891797727127895
4260,1.7110634472580015
4261,-1.419715692469669
4262,-0.0787661380152585
4263,1.7286458082956813
4264,-1.4188798890165353
4265,1.9990635871595919
4266,-1.4666151963053442
4267,-0.12207593913704128
4268,1.7138305239163143
4269,-1.4723974697249889
4270,1.8582937233481667
4271,-1.4412104212816674
4272,-0.14705140000992095
4273,1.708612973863065
4274,-1.512168793566326
4275,1.7247787845894311
4276,-1.4590181013471595
4277,-0.14039875089459788
4278,1.9221517938715704
4279,-1.538243624171972
4280,2.047658137245462
4281,-1.5049475665455674
4282,-0.16338530375422908
4283,1.8806722854206461
4284,-1.5689148245711166
4285,2.1395206003024896
4286,-1.5290437858352663
4287,-0.11463890162199132
4288,1.756489974418726
4289,-1.5705843483668307
4290,1.7323697873407506
4291,-1.6262109680120034
4292,-0.16525578668459714
4293,1.688194585323708
4294,-1.7228000425293795
4295,2.043548152638554
4296,-1.5614751895767536
4297,-0.14590705431387394
4298,1.8999829297626252
4299,-1.5700562505139992
4300,2.0995836418666403
4301,-1.4849637741827224
4302,-0.11172074558204317
4303,1.9208929807860473
4304,-1.548275528623334
4305,1.9182775237861123
4306,-1.6222313637761219
4307,-0.12557933560888387
4308,1.9523027878577215
4309,-1.505169720267188
4310,2.047065949389723
4311,-1.5087451083013244
4312,-0.18732297655858252
4313,1.9943927273630933
4314,-1.633237572430257
4315,2.0339548249634793
4316,-1.639404463304139
4317,-0.16686130356412535
4318,1.7350878944111208
4319,-1.8337973591874084
4320,1.8697900814175978
4321,-1.7217680754330422
4322,-0.17491343428793263
4323,1.9712815735142901
4324,-1.627152096499778
4325,2.228726374768006
4326,-1.6804986476373096
4327,-0.1356270970639059
4328,1.904788671463162
4329,-1.7278569875228038
4330,1.9243212223465525
4331,-1.7319280701893236
4332,-0.14737399794728492
4333,1.8477956547799583
4334,-1.7435549479378702
4335,1.887654397781547
4336,-1.671795178093886
4337,-0.09362803314033873
4338,-1.5893510902226817
4339,-2.026951772428208
4340,-50.29584917610181
4341,-3.5694075016956246
4342,-0.051637616222718445
4343,-3.766874730370609
4344,-3.768241563390786
4345,-3.7972634407353554
4346,-4.078287312026685
4347,0.016613541545705376
4348,-3.7932642678388446
4349,-3.9624831136361203
4350,4.052015464184538
4351,4.065861823825261
4352,-0.0030826098541823083
4353,4.206676121190897
4354,-4.177420886788267
4355,4.132515333236136
4356,4.173935368687164
4357,0.0239688532025592
4358,4.115264337833666
4359,4.357207920087223
4360,4.493985654632128
4361,-4.367025638939494
4362,-0.03760655066696994
4363,4.531097150501531
4364,-4.388711905046124
4365,4.628438464058871
4366,4.461397671531444
4367,0.0373777688208468
4368,4.467402116746178
4369,-4.464841432110164
4370,4.306776229294735
4371,-4.285432586705675
4372,-0.019345502939936796
4373,4.05716206087479
4374,4.185068788059197
4375,4.4762421670622645
4376,-4.460296863251562
4377,-0.02798813348185505
4378,4.531130745111698
4379,-4.645675910928717
4380,-4.623947344680193
4381,-4.3410472007702845
4382,-0.025461276246123307
4383,5.091762621026519
4384,5.379342672715513
4385,5.262353032911176
4386,5.545942562819877
4387,-0.030075017461175496
4388,5.850080318366393
4389,5.69975401232276
4390,5.839352251397028
4391,6.2305977455807415
4392,-0.028790572372913926
4393,6.888966774342772
4394,6.661409446147055
4395,7.1596678982557975
4396,7.8135498106767125
4397,-0.011769695128847579
4398,8.313789265358405
4399,111.48798876276162
4400,-13.028375291587004
4401,-11.6675603423322
4402,-0.03930831657335737
4403,-10.665648186572767
4404,-9.283605363299941
4405,-7.936310723161819
4406,-8.552799757195372
4407,-0.06974619735595133
4408,-8.372046413393255
4409,-7.72826940790101
4410,-7.76913700672258
4411,-7.14963838106011
4412,0.0625438529316623
4413,-6.954405973977523
4414,6.445907892098365
4415,6.5801781643493396
4416,-6.576275954909283
4417,-0.08542501798251516
4418,7.8502476386166276
4419,6.3316787658220095
4420,7.363318027792093
4421,-6.175460241828016
4422,0.05794280929330573
4423,6.245346313473147
4424,5.622439779811287
4425,5.823645441685453
4426,-6.329309454416636
4427,0.0658386649862797
4428,-6.526845546197992
4429,-6.283644532966716
4430,-5.753725176357483
4431,-5.634039462488456
4432,0.06707596760217861
4433,5.427522779727564
4434,4.8915798448365875
4435,6.148490479810429
4436,-5.200186354963178
4437,-0.07085645142868377
4438,5.755181689632481
4439,-4.80136933185649
4440,5.350895127035877
4441,-5.492442834046779
4442,-0.0494935214504727
4443,-7.433552980550961
4444,-8.175364336614074
4445,-8.950684875650476
4446,-10.064087462545501
4447,-0.37359341399281953
4448,-10.500072236943662
4449,-9.686889064338269
4450,-7.660717413386945
4451,-7.379070692822893
4452,-0.09350260157514398
4453,8.48888867792798
4454,-8.935007220850093
4455,-11.494851257100455
4456,-11.445709668358976
4457,-0.05994527957389586
4458,11.523592821209274
4459,13.744485606823115
4460,13.276499346327613
4461,9.677702575306682
4462,-0.08789749353125859
4463,8.247881445787067
4464,-7.317708450244861
4465,-6.870110714893022
4466,-6.957382089235011
4467,-0.14487293472305163
4468,-6.7718692632416655
4469,-4.682343923234987
4470,3.9843419691272426
4471,-3.5181851455327546
4472,-0.1352148583934308
4473,-3.4225118444794482
4474,2.6075809502841865
4475,2.9525155741396905
4476,-2.4495487791269444
4477,0.1045576724435638
4478,3.092289144011647
4479,-2.4575479280111976
4480,4.596295916986311
4481,3.9874710478124653
4482,-0.0840183646412455
4483,4.252579552722422
4484,3.4357755957831144
4485,3.3203784782155688
4486,2.8855056952232747
4487,-0.17917412425487322
4488,-3.008326544179313
4489,-2.504723491515396
4490,-2.725321201125032
4491,-3.2568531665700076
4492,0.26277740620510665
4493,-2.3520350184165544
4494,-2.7361307758502553
4495,-72.72570930067067
4496,-4.450587631820301
4497,-0.03471750504079251
4498,-4.560689666043762
4499,4.3183012131837755
4500,4.894825778732224
4501,4.9967342825211105
4502,-0.05725151744187362
4503,5.374064494870472
4504,5.683627050632639
4505,-0.05219823795910871
4506,6.163006059525982
4507,6.108861006366265
4508,6.05874628697646
4509,5.500548929780868
4510,0.04311814237898542
4511,6.277438026097982
4512,6.282392274714298
4513,7.2461550813261795
4514,7.616286302539628
4515,0.04449763628932159
4516,7.6546522825586
4517,8.437509919644677
4518,8.705863267365173
4519,9.52012441094687
4520,-0.21238350178371085
4521,9.576181307491572
4522,9.044837790555158
4523,10.60723787429962
4524,9.086680731098534
4525,-0.044849264409346994
4526,9.637643486153712
4527,-9.612414727133284
4528,-9.832960226761507
4529,10.09466666680717
4530,0.009049125751217722
4531,10.157752315090052
4532,-10.169311199372151
4533,10.608677090261802
4534,10.38427918970018
4535,-0.10821545396988878
4536,10.190794315441224
4537,-9.410192740925906
4538,9.574822605514616
4539,-9.081664679554077
4540,-0.09416503907810927
4541,9.233859831055137
4542,9.000861948496238
4543,9.22432535368658
4544,8.555491235918861
4545,-0.019427065438488034
4546,8.763190582834303
4547,8.890502521604013
4548,-8.842077442620708
4549,-9.430119484060558
4550,-0.10259378862251242
4551,9.35959749918036
4552,-9.492107034547638
4553,9.350336758060589
4554,-9.381595794989298
4555,0.10734526503875197
4556,-9.795219167591688
4557,-9.873767157730192
4558,-9.435589781332355
4559,-9.825690446678928
4560,-0.1577385777159224
4561,-9.597812290268166
4562,-10.585874048085362
4563,-10.086372303880436
4564,-10.086896576582202
4565,-0.11500566979101261
4566,10.351288825659848
4567,10.391371300278974
4568,10.948011722602267
4569,10.801506896984812
4570,-0.13892835563350803
4571,11.365428785748602
4572,10.972313579755019
4573,11.402882912524422
4574,-10.92726282641896
4575,-0.10180716987602567
4576,11.071124103047921
4577,-10.860577469750083
4578,11.147000343983922
4579,-10.953465344515491
4580,-0.11486297191074338
4581,10.936764284812417
4582,-10.635975695968174
4583,-10.935842980406964
4584,-10.741693340835397
4585,-0.3490934189002842
4586,-10.608101713422606
4587,-10.664643312135814
4588,10.512858148905332
4589,-10.432079993970662
4590,-0.11184476878337044
4591,-10.375505496453291
4592,-10.353853072698197
4593,-9.708524394878074
4594,-9.691377615422418
4595,-0.12425581445173793
4596,-8.921971590920034
4597,8.528709560530745
4598,8.815325006773566
4599,-8.85280515697262
4600,-0.0888042243627555
4601,9.01072924304792
4602,9.245418113636298
4603,-9.153605958796403
4604,-8.948524001995729
4605,0.7179738181754907
4606,-9.661038096210325
4607,-9.076219376413679
4608,9.74030263871605
4609,-9.563750814197201
4610,-0.07922121594580701
4611,12.305568427285694
4612,10.096446770647923
4613,9.970495433108466
4614,-42.73054965749545
4615,0.0007616378200913441
4616,5.8647094629403655
4617,-5.920415747634375
4618,-5.710766233098775
4619,-5.475653418035388
4620,-0.0776199450280002
4621,5.509899206266708
4622,5.396263106945228
4623,6.355941471008853
4624,7.29970992268646
4625,0.11031651879988826
4626,-8.437818741156184
4627,-7.600031085353465
4628,-7.768246549867386
4629,-7.141545395983879
4630,-0.0642002929544184
4631,-6.529171244573599
4632,6.942463648570953
4633,-7.670996320424776
4634,-7.729443883414433
4635,-0.08783211163828819
4636,8.538500149018468
4637,-7.602279440846772
4638,8.124841757880327
4639,8.134827391625311
4640,0.07207097679113361
4641,8.196686404233755
4642,8.494534072918093
4643,8.121118959643292
4644,8.353601484765655
4645,-0.04561105816615084
4646,7.567846274300712
4647,6.865764162060685
4648,-6.447079978104943
4649,-7.531695732008387
4650,0.01021319851623438
4651,-6.1646254149498025
4652,-5.611474210259993
4653,4.933795249468763
4654,5.037594523146184
4655,-0.05647221106490882
4656,5.226547124020549
4657,4.8378696909925285
4658,4.998035890174959
4659,4.745284571322668
4660,-0.04034902766885435
4661,4.919835674630578
4662,4.752543384550413
4663,5.189680426787383
4664,4.590739999792351
4665,-0.026432501072336252
4666,-4.438617794662597
4667,-4.423601325902854
4668,-4.679890707089219
4669,-4.789410691089418
4670,-0.015239594649185634
4671,4.941829754388263
4672,-4.7019798720390185
4673,4.607749649330815
4674,-4.532586242159904
4675,0.015922305946162063
4676,5.258145055062035
4677,5.006083103490565
4678,-56.530289620648944
4679,-0.9194966269925541
4680,-0.004842813702390694
4681,0.844216715483857
4682,-0.8509267714119026
4683,-0.7824744575939137
4684,-0.8317725343529009
4685,-0.044685568261522084
4686,1.4009338665048396
4687,-1.6871871698773133
4688,-1.6650644158706656
4689,1.4954413022517463
4690,-0.00364314941818471
4691,1.2150000771812883
4692,-0.9474644155717247
4693,0.9850476671979639
4694,-1.3423536003486027
4695,0.004532386589500414
4696,1.6570364861328233
4697,1.8227163368311323
4698,1.9349402358437238
4699,1.7967071090396776
4700,-0.0033698929638324446
4701,1.7334087907294407
4702,1.4694006952513434
4703,1.492422621449153
4704,1.2165655419508974
4705,0.002137584540887184
4706,1.2009851832780005
4707,1.2007080317901244
4708,1.4694610733617466
4709,1.6901997864505003
4710,0.0022686491206813813
4711,1.9442909018953098
4712,1.9197723175974826
4713,2.051334375500003
4714,1.8279822908231222
4715,-0.01960786202994288
4716,1.6315077816715666
4717,1.33235316741451
4718,1.1807130079832542
4719,-1.1722548109119266
4720,-0.01773295159567553
4721,1.4894297492589414
4722,1.5950093522283961
4723,-1.604707239006401
4724,-1.2697966130108975
4725,0.00669598052855111
4726,-0.7952876247389846
4727,-0.5337817982951928
4728,-1.0750716926339694
4729,1.6900779967318353
4730,-0.0014643208305219163
4731,2.2802077256183226
4732,2.4536207858182335
4733,2.3681827732353984
4734,2.0569331688483223
4735,0.020600078172533502
4736,1.5006521381211493
4737,1.1158177702885022
4738,1.0310796741069153
4739,0.8696132937460567
4740,0.010913876926748112
4741,0.9073673100665696
4742,-0.8433793702190122
4743,1.5435865209260518
4744,1.7114640991967447
4745,0.011953630900849187
4746,2.457892623711389
4747,2.300135874934652
4748,2.0760221580758422
4749,1.4542607405626669
4750,-0.009543069715198216
4751,1.2304816114558372
4752,-1.200805184009573
4753,9.242940347214008
4754,-3.0375413284515482
4755,-0.027803180702686964
4756,3.4127696006184256
4757,-3.3273405149987276
4758,-4.623661461628051
4759,2.4787875559338177
4760,0.06559588398880117
4761,2.203425915497124
4762,-2.490810636298552
4763,3.7347993220333393
4764,2.6393673089831804
4765,0.04826626358566656
4766,-3.252895295327641
4767,-2.61172791299206
4768,2.3615959122669103
4769,-2.3018359466577327
4770,-0.02402932973127932
4771,3.347155362923405
4772,2.3892624897670474
4773,-3.090368049893061
4774,1.8195608528862643
4775,0.03566219609990684
4776,3.8160555529660938
4777,4.963337589654612
4778,6.01314239043791
4779,-4.654149012914041
4780,-0.02889878190121556
4781,-3.7570416359103214
4782,3.164965980960626
4783,3.393805772193379
4784,4.505104536468436
4785,0.02034015774363615
4786,5.4835145436819275
4787,-5.250096165982453
4788,-8.138903859714635
4789,-3.485712627588987
4790,-0.01800005732048483
4791,4.174213658281057
4792,2.9466710757587125
4793,-3.5613045261898733
4794,5.023025050145109
4795,-0.007440427193738926
4796,-5.138580652758222
4797,-3.9637438360635953
4798,3.8639683492540984
4799,3.99653379660794
4800,0.01233884363901166
4801,-3.9764576637645623
4802,-4.904025652335486
4803,31.30252624125147
4804,-2.4378270371767816
4805,-0.02377331368323054
4806,-3.9003059540078477
4807,-4.894943754725187
4808,-11.578135293017112
4809,-9.872219316667199
4810,-0.045533559536976846
4811,10.58038975670728
4812,-8.595313391741657
4813,5.974532681516541
4814,-8.066666041756141
4815,-0.01060594720708653
4816,-3.9390439314841994
4817,-5.490156384577634
4818,-3.205520878304563
4819,-2.8435214554832853
4820,-0.018153034474543618
4821,-3.066605653044019
4822,-3.209152170715757
4823,-2.9659327957513013
4824,-2.8835485959883007
4825,-0.05321493191229484
4826,-2.4229523768845413
4827,-1.836495489538136
4828,-2.008870762485306
4829,-1.8877838707523973
4830,-0.055078679426576446
4831,-1.6434948718393223
4832,1.2558093017158478
4833,1.7651049720712066
4834,1.6058388654321667
4835,0.09723146962241155
4836,1.9234354246524057
4837,1.7445258344653243
4838,2.3507913848399395
4839,2.844198891027314
4840,-0.013409498013000787
4841,4.160781393684903
4842,4.475471622736069
4843,5.2170341891399
4844,4.506594796648934
4845,-0.052993306867295566
4846,4.087773940420426
4847,4.089048557442258
4848,5.273806663296333
4849,5.480908800378385
4850,-0.027662006278025827
4851,5.406832057267372
4852,5.2605269374738555
4853,5.885402992725376
4854,5.722641291179631
4855,0.005240890613407147
4856,6.596469033315902
4857,5.57269400433541
4858,6.024126946654009
4859,5.961226481176108
4860,0.013772787947815252
4861,5.73175361054821
4862,5.029061764519926
4863,5.806846489430914
4864,5.466923729500512
4865,0.007117745630860964
4866,5.320823459028215
4867,3.9004916006339947
4868,4.457983191882393
4869,4.647302921925237
4870,-0.001586405287325062
4871,4.861890286931449
4872,4.492805888601789
4873,4.49825035099707
4874,4.061030101246493
4875,0.03805912342629066
4876,5.1392692190777245
4877,3.36571091499297
4878,4.309340914469963
4879,4.013522531541487
4880,0.0068081903139088655
4881,4.257753836571536
4882,3.9422927226261897
4883,3.885823618012881
4884,3.9542650500037895
4885,-0.037898021321819006
4886,4.256873087582388
4887,4.378560855242764
4888,3.816128165204356
4889,-5.283416725935784
4890,-0.0007846941476966842
4891,4.079154949790541
4892,-4.130656966316391
4893,-60.02444983167964
4894,3.1342065425369348
4895,-0.0997584212844626
4896,3.5281202362792374
4897,3.2887799617274927
4898,3.3336276789220345
4899,-3.159349853988429
4900,-0.04316094637234635
4901,3.2777479346801663
4902,3.3953973280031686
4903,2.8125561830043853
4904,2.8323244639776486
4905,0.00805321751310615
4906,2.360857550007616
4907,2.2646273209291623
4908,2.6417515392498974
4909,2.151859370270725
4910,-0.13496632667225136
4911,2.568989235756525
4912,1.8503865262832144
4913,2.4157410944387223
4914,-1.9678727813815613
4915,-0.03046809068109311
4916,2.2652811899509167
4917,-1.8822687537091314
4918,2.611446039013606
4919,-2.0305745830461204
4920,-0.07503060296176398
4921,2.329620433525968
4922,1.847225985913755
4923,1.6512954776550821
4924,1.508137147084634
4925,-0.06044067653189435
4926,-1.8054983209847755
4927,-1.407544157984174
4928,1.763894453572438
4929,-1.7689805960467955
4930,-0.055367867882096494
4931,1.8986040322753162
4932,-1.8951351256327944
4933,-1.9208598401653936
4934,-1.8764496984655255
4935,0.1844502351892676
4936,-1.6862336609195834
4937,-1.7661232842785826
4938,1.8851112708079498
4939,-1.6309118935753482
4940,-0.01840964686629456
4941,-1.881797501343184
4942,-1.5555825998005024
4943,2.024582738284706
4944,-1.9165642518183
4945,0.010344438075888045
4946,-1.908629078915508
4947,-1.9796703816001473
4948,-1.6498792631670407
4949,1.9012813181586523
4950,-0.0027488140166335227
4951,-1.8841380144885644
4952,1.6057770946335799
4953,2.016219618327091
4954,-1.7170710473854236
4955,-0.028659897633377944
4956,-1.5273458060779688
4957,76.54954317633106
4958,5.8875384789615
4959,-5.790411474954743
4960,-0.09852466605079706
4961,-5.959886112598448
4962,-5.702487800301191
4963,-4.376478296855776
4964,-3.7326192501467563
4965,-0.11299943563010138
4966,-3.687659855465353
4967,-4.844724769953936
4968,6.249743218803193
4969,6.173946486228338
4970,-0.09484701437123694
4971,-5.934901071716438
4972,-5.39184502669238
4973,-4.570992054178429
4974,-4.383106882061511
4975,-0.1430414086300698
4976,5.122007439076461
4977,3.9545217251426483
4978,3.9886610788322265
4979,3.740828894523436
4980,-0.1299441913381395
4981,3.988269568234658
4982,-3.864667204555743
4983,-4.40707156300038
4984,-4.2999899820767205
4985,-0.18733635315245217
4986,4.710434401502844
4987,4.279657256415544
4988,5.032002641758682
4989,-3.7912362334056895
4990,-0.14450790125041452
4991,3.4908678665614996
4992,-3.4480554644276373
4993,-3.7993844930682408
4994,-5.758698438135479
4995,-0.1609177645722499
4996,6.112086141600005
4997,6.2460733003820765
4998,5.5582893672043925
4999,-5.28826400935241
5000,-0.1586757019931164
5001,5.6046578735497965
5002,5.134455246200307
5003,5.811609802387232
5004,-5.5192960008721546
5005,-0.13703526877688862
5006,6.074984088863119
5007,5.355036595059721
5008,0.1415810869048886
5009,4.920361390894967
5010,3.0514501376554293
5011,2.5873680814199997
5012,-2.8700521806150925
5013,-0.1327857784717183
5014,3.9854256998696873
5015,-4.877103343912936
5016,5.9019526343529405
5017,-5.896954770253619
5018,-0.127194279010691
5019,5.442584114179021
5020,-5.54085507420313
5021,5.667186363280582
5022,-5.408440460881497
5023,-0.09371568461197376
5024,-5.973982998093701
5025,5.614501493599706
5026,5.685558613066205
5027,-5.860667281739835
5028,-0.11885152613175352
5029,5.458755184109892
5030,-5.058369736520563
5031,4.547388937786569
5032,-4.5233687413146715
5033,0.17234641343149038
5034,-4.3891883975306465
5035,-4.550647099845112
5036,6.008065481333374
5037,6.377922406398026
5038,0.02937783592852164
5039,8.0695722897008
5040,8.016873404159686
5041,8.079639541023393
5042,6.828535482268524
5043,-0.18006830493995024
5044,6.160626644433275
5045,-5.925821563367356
5046,8.416676497659068
5047,11.062800506889188
5048,-0.13216559595361713
5049,13.68384851929511
5050,15.664093303687372
5051,17.502758719205723
5052,20.036574772194616
5053,0.08811691473518657
5054,22.724736457555153
5055,24.733949977003697
5056,27.819086190470102
5057,30.672622970730934
5058,-0.0
5059,34.67606700968316
5060,37.02823868923955
5061,-36.314293469343205
5062,34.22594194965336
5063,-0.0052598191185450624
5064,-32.68791441810221
5065,-30.594536503958153
5066,28.755311579723777
5067,-26.567127832214645
5068,0.00274288910866234
5069,-24.30501875222169
5070,-21.941729551327843
5071,-18.922925593348936
5072,-17.54412377358725
5073,0.014379808483425214
5074,-15.623402358787274
5075,-66.60011234765983
5076,-4.951672612127717
5077,-3.1858854603482176
5078,0.014416065115566642
5079,-3.6504381563727253
5080,-4.266465735251424
5081,-4.661982701977916
5082,4.962786782303533
5083,0.0022112383954235146
5084,5.325636455168193
5085,5.1027611115961
5086,4.923702609829458
5087,-3.3491489211147036
5088,-0.011393304410940863
5089,-2.605793748515809
5090,-4.101980904325318
5091,-3.104930382326491
5092,-2.563040668063886
5093,-0.0151587749939286
5094,-3.8133036959189948
5095,-4.330672064477869
5096,-3.9782011438286484
5097,-3.085809981938841
5098,-0.0016883554896517162
5099,-2.3559260310764847
5100,-2.8464874517364613
5101,-2.0533365904852934
5102,-2.8294167679426505
5103,0.04678367540782083
5104,-3.9471558222684613
5105,-4.42282233945113
5106,4.354126729422332
5107,-4.136418199773145
5108,0.0064553119349604875
5109,-3.8347048232237437
5110,-3.418022404779325
5111,-3.2173139561752766
5112,-2.8023684783421694
5113,-0.022233635841488113
5114,-2.379632239706917
5115,-1.8460627672199847
5116,-3.044417964981131
5117,-4.146618806895501
5118,0.006690147241228865
5119,-4.50403613402548
5120,-4.060763220609588
5121,-2.6528647460145898
5122,-1.9211125485366791
5123,0.007898998085932
5124,-2.588089037243373
5125,3.3645704679558603
5126,3.693388519167886
5127,2.817949166250645
5128,-0.009278984306769983
5129,1.986495480745627
5130,-1.3162796315472154
5131,-1.7294699315265813
5132,-2.697005732620352
5133,-0.016702964066960573
5134,-3.025142850246466
5135,-2.198939327980648
5136,-1.487769356231989
5137,-1.8716120052640262
5138,-0.007732842992064329
5139,2.081637696575454
5140,2.2311855823829707
5141,2.241460083446083
5142,1.9960390062926714
5143,0.006816463961712628
5144,-1.5318405079044746
5145,-1.3667799113340517
5146,-2.271286700594006
5147,-2.636334568952727
5148,-0.035303422404981355
5149,-2.847954254131733
5150,-2.8537047649596854
5151,-2.3356936749888444
5152,-2.171939316415941
5153,-0.011575124845658424
5154,2.2534350667472287
5155,-2.26340240483715
5156,2.482532768679005
5157,-2.012684351626088
5158,0.007300183697143893
5159,-1.65589315174324
5160,-1.8516720221506977
5161,-2.343074942701402
5162,-2.370518076529093
5163,-0.011425619623041287
5164,-1.8799375122312074
5165,-1.803326950317881
5166,-1.6639709280283905
5167,-1.7105628932037427
5168,-0.010789373062286037
5169,2.0723566031281027
5170,1.936388875453279
5171,1.9411486224109025
5172,1.5020554389566503
5173,-0.022023561949191427
5174,1.0274931130835443
5175,-1.1243904149957822
5176,-12.156386839603728
5177,2.9813848644923704
5178,-0.03714711570639768
5179,4.144619593632644
5180,3.876053087267633
5181,3.3072360825127474
5182,-2.8189034468508423
5183,-0.042474239644820395
5184,-3.9547335721561696
5185,-5.208504050773035
5186,-3.888634013349106
5187,-3.3965631921693222
5188,-0.020143511806048297
5189,-1.9894596579079602
5190,-1.5760907569994507
5191,2.083712626348287
5192,2.5443567590086165
5193,-0.017072018155512944
5194,3.390392863205566
5195,3.1308177869486604
5196,-2.807059109018676
5197,2.9771114935895224
5198,-0.033560002126127475
5199,-2.999212630567757
5200,-2.4437517364806958
5201,-2.6712363130640586
5202,-2.15000487886786
5203,-0.01875217642088918
5204,-2.2766666051297078
5205,-1.8457276904530087
5206,-1.7221381106543232
5207,-1.6303773079261177
5208,-0.01857038322754552
5209,2.0299140145661028
5210,1.8218984524533148
5211,2.215247239303479
5212,2.0895529705822526
5213,0.0029277408958297267
5214,2.06375298178356
5215,-1.9341553082703464
5216,-2.01554654566867
5217,-1.9880765081897038
5218,-0.025049242566577617
5219,-1.9025988510161063
5220,-1.9211575592011514
5221,-2.0350648874998383
5222,-1.9003857440446739
5223,-0.07284120032079844
5224,-1.6141192626564815
5225,-1.4336877467314826
5226,4.175764693784215
5227,-4.121188189052616
5228,-0.031473614941687406
5229,3.1924150792151327
5230,2.8285781810226407
5231,2.896364888823974
5232,-2.220031392922937
5233,-0.023088258520963512
5234,-1.8276532090951692
5235,-2.2391545476503363
5236,-1.748476363001599
5237,-1.5564157679199293
5238,0.016437747437106444
5239,0.832447658274424
5240,-5.887445098207707
5241,0.8952029688393427
5242,-0.9837256971628883
5243,-0.06070532652221804
5244,-1.0120184228110385
5245,-0.8857163204863711
5246,-0.9237288068468913
5247,-0.9652112597644659
5248,-0.06420578666535086
5249,-0.9428885995957679
5250,0.7956839223987557
5251,0.9159704487725306
5252,0.8666338124533212
5253,-0.04385385914048613
5254,1.044528889283886
5255,0.8911349768855575
5256,0.964324006968883
5257,-0.9385206284502992
5258,-0.046033112713542546
5259,-0.9544690959634666
5260,-0.7861911547815702
5261,-0.8318232659715463
5262,-1.1014216737403169
5263,0.090956192445375
5264,-1.3011928210285753
5265,-1.5558367207416328
5266,-1.6501501475599931
5267,-1.7412963861110464
5268,-0.01455844969567396
5269,-1.7491650644237207
5270,-1.682021577228485
5271,-1.6237483462456868
5272,2.597123291608187
5273,-0.008058325428797194
5274,-2.6928966347697822
5275,-2.5829807312161597
5276,-2.419439415814529
5277,2.0879858377715665
5278,-0.03050613348339237
5279,-1.9383040188427099
5280,-1.3752507559926743
5281,-0.8139176758724834
5282,-0.9701448124904172
5283,0.0251649914993362
5284,2.5987223053893946
5285,5.593422237986194
5286,6.382758465314606
5287,7.327828090942344
5288,0.023219891008885194
5289,6.772981985646531
5290,4.676571092353728
5291,-4.28336258797406
5292,-3.4096360545864894
5293,0.016867291693341904
5294,-3.16698198952339
5295,-3.0095687855512336
5296,-2.107607954988278
5297,-1.5679184430436863
5298,0.007291219428325004
5299,-1.7382932810888583
5300,-1.7595134198475486
5301,-1.6220695853097575
5302,-1.82664645792733
5303,-0.03834926507164387
5304,-2.219030910972041
5305,-1.9882927897224356
5306,-1.9305183958651968
5307,-1.9069288859107076
5308,0.016750739993245858
5309,-2.085804965579259
5310,-2.175406979555756
5311,-2.229583801945717
5312,-2.3079651304349773
5313,-0.023010756278190634
5314,-2.3691075630645666
5315,-2.1071019599363394
5316,2.1686762948708327
5317,2.2201778085109267
5318,0.04150700980534067
5319,2.420768765346696
5320,2.4298136373048473
5321,2.212920950678715
5322,2.570812899723536
5323,-0.02460008070555087
5324,2.1270338151984127
5325,2.1483751239269693
5326,2.064668546164628
5327,-1.9800866866986386
5328,0.047899296625528005
5329,-1.8276325495474834
5330,-1.3628971316660508
5331,-1.2158017001143993
5332,-1.208598002229221
5333,-0.07050849519903968
5334,-1.1922705784256005
5335,-0.9750902325919572
5336,-0.9976169017662786
5337,-1.1157179211629893
5338,-0.05733114017957579
5339,-1.0443835883695645
5340,-0.9701189654994528
5341,-0.9658946402762725
5342,-0.9211814894663697
5343,-0.020723806494729824
5344,0.8257749510990521
5345,0.8271837013566963
5346,-0.7077749422649575
5347,10.268051197631967
5348,-0.001176441121277843
5349,2.61901808252817
5350,2.528664292166954
5351,2.760499384796119
5352,2.569142251591188
5353,-0.02128782697051491
5354,2.420751947147999
5355,-2.022183817466613
5356,-2.057139142528385
5357,-1.87784690888797
5358,-0.01934201595992315
5359,-2.2465027372321407
5360,-2.5111927131637284
5361,-2.5533852360705525
5362,-2.737392582789236
5363,0.014786215333648173
5364,2.9038175101770816
5365,3.0488254760194975
5366,3.3641669259118356
5367,3.2258938270708715
5368,-0.048891777588989604
5369,3.399225706824657
5370,3.3973841212271205
5371,3.692089177224361
5372,3.4722939095205434
5373,0.03267505411672765
5374,3.5778198115455417
5375,-3.5017760801691393
5376,3.517307955779677
5377,-3.683507171282625
5378,-0.01896545795420525
5379,-3.570212425785722
5380,-3.490966267740263
5381,-3.634797817744189
5382,-3.6734608808256213
5383,0.036268259130786844
5384,-3.5260151635002344
5385,-3.7035567046523785
5386,-3.5930515251783497
5387,-3.5546357237561694
5388,0.016363617455205447
5389,-3.455134639806609
5390,-3.6135382439727604
5391,-3.3349714195923537
5392,-3.395398848034852
5393,-0.04604049465744212
5394,-3.2365268639080473
5395,-3.0266644337456086
5396,-2.9834438478893373
5397,-3.0922650976590105
5398,-0.042179099760793266
5399,-2.9271950810387963
5400,-2.671850142888937
5401,-2.569158792788856
5402,-2.516419825116689
5403,0.007642560132043653
5404,2.4379694512158068
5405,-2.4534507248860535
5406,-2.3360575659115965
5407,31.74763686971926
5408,0.000865039130611312
5409,4.3392413779049575
5410,-4.588301855731927
5411,4.6845789963024025
5412,4.674584322611518
5413,0.07070492643493559
5414,4.484590599132056
5415,-4.548524042471164
5416,4.481643801698445
5417,-4.509073605114477
5418,0.10414019976462276
5419,4.437135742640944
5420,4.5006017253218324
5421,-4.496543535041434
5422,4.5131155995457455
5423,0.08473949770946913
5424,4.532430027693349
5425,4.454643234655722
5426,-4.567407498975567
5427,4.474885546274436
5428,0.04335411068473085
5429,4.5021655342843925
5430,-4.4796338096331425
5431,4.543237486547522
5432,4.5693983650126375
5433,0.017331970190933264
5434,4.706123156764441
5435,4.571918436465242
5436,4.930908143912315
5437,4.716741237846714
5438,0.15523057453530753
5439,4.894638443810279
5440,5.007847254672639
5441,4.847846116213401
5442,4.962830285339908
5443,-0.024587548987918022
5444,5.143249540634651
5445,-4.840224806521484
5446,5.04795804687521
5447,4.965070925739138
5448,-0.049473119956234886
5449,5.17412103172762
5450,-5.281109538311054
5451,5.188698325509369
5452,-5.212958572865822
5453,0.05025889349090088
5454,-5.0742649920556016
5455,4.97347208727802
5456,-5.170140995315058
5457,5.005279966924793
5458,0.011192439911563455
5459,4.998636522588198
5460,-5.034013244632744
5461,4.808984401087599
5462,-4.886557946027062
5463,0.06367463407837558
5464,4.6865738389948834
5465,4.766350184840294
5466,-4.640021686147022
5467,4.778923519647947
5468,-0.0007443239169070104
5469,4.821213825270221
5470,-4.602007548919475
5471,4.91910163077749
5472,4.779473119738024
5473,-0.07971639613369916
5474,4.971877013698987
5475,4.776150557601438
5476,4.825236316048051
5477,-4.725013063216479
5478,0.08026796814898879
5479,4.752723816067788
5480,4.987259897803563
5481,4.696062285885683
5482,4.863799142426203
5483,0.0034888197328753878
5484,5.007607677677593
5485,4.7407591808005645
5486,5.122319530265322
5487,4.8853134160335046
5488,-0.06572407562055714
5489,5.044080520020574
5490,4.9209847995709675
5491,5.058253919951219
5492,-4.960866380142744
5493,-0.06042958994928051
5494,5.263455720172853
5495,-5.103649225460518
5496,5.198683494610766
5497,-5.221771370845997
5498,0.10943071698826833
5499,5.206958118451726
5500,5.0167409868660915
5501,-5.174370410485859
5502,5.029832348065993
5503,-0.06130050472599602
5504,5.096338994656886
5505,-5.221975624405746
5506,-0.051789654157260404
5507,5.015654587683816
5508,-5.240326385657937
5509,5.102988630515057
5510,5.078948154156757
5511,-0.02068080476921962
5512,5.340091071856862
5513,-5.222245814584271
5514,5.259374498587487
5515,-5.354925355916613
5516,0.06603053264703916
5517,-5.08444634382588
5518,5.675400653150573
5519,5.089074089083746
5520,-5.334950636314823
5521,-0.12625157697989875
5522,5.204790835577769
5523,-5.449164977719221
5524,5.513489699241308
5525,5.534264957446492
5526,-0.014132082889981582
5527,5.671764467369424
5528,-5.852380818511048
5529,5.905495669528612
5530,5.9938855613323945
5531,0.031147690728415132
5532,6.398506656958643
5533,7.187271841376343
5534,6.675549673891332
5535,6.772097846346009
5536,-0.016333486412023118
5537,6.8663486494634265
5538,6.706027459436177
5539,7.056730896631416
5540,6.8288892456340635
5541,-0.058304196928759176
5542,6.847903035798608
5543,6.801923138103496
5544,7.124749155949251
5545,7.097740263281313
5546,0.08635707666899536
5547,7.400747163607795
5548,7.289424846420696
5549,7.809502259619376
5550,7.587322765839872
5551,0.2245820753807132
5552,7.969800445909137
5553,8.06035271621857
5554,8.023897254773765
5555,8.330503154690234
5556,0.18447656718066302
5557,8.46720906425373
5558,8.34335735254774
5559,-8.360006226513876
5560,8.59195331658799
5561,-0.02461989581276932
5562,9.517252563770814
5563,-9.777081198476846
5564,9.72234249567976
5565,-9.765197873964368
5566,0.06825225053641441
5567,10.19683813255674
5568,10.18344294571484
5569,10.563519827010436
5570,10.205557160808008
5571,-0.10687789692806064
5572,10.074495098741224
5573,10.070387672903921
5574,10.203065081641308
5575,9.856157255973807
5576,-0.057728966681271636
5577,10.159326391069493
5578,10.084692614458623
5579,10.204225788211163
5580,10.001149277245656
5581,-0.1858047539197702
5582,10.458196128645199
5583,-11.583430537677366
5584,-11.357988872449672
5585,-12.054270521734615
5586,0.09546399053952691
5587,-12.664844347504259
5588,-14.221284050853146
5589,-12.493019128075892
5590,-13.060128486326658
5591,-0.1268874761723586
5592,-11.9930355585216
5593,-12.39456665777941
5594,-68.3988965766937
5595,-6.908671770837118
5596,-0.016254776707750496
5597,7.907105531547322
5598,8.07709201127919
5599,8.301475791320371
5600,-8.3102102803534
5601,0.032641075404920214
5602,-7.771093629477973
5603,-6.996188570330549
5604,-6.750892869885377
5605,-7.073978730090542
5606,-0.006084510051629941
5607,-7.198113046333863
5608,-7.084957694402243
5609,-7.244479174669784
5610,-6.457064954686884
5611,0.010810544918147983
5612,-6.6332210054579175
5613,-6.728877736873355
5614,-6.665661065818823
5615,-6.604983522555634
5616,0.019457915033458076
5617,-5.933936361303091
5618,-5.56643246143078
5619,-5.243403670052568
5620,-5.454071605807383
5621,0.023341167313288884
5622,-5.333896200155667
5623,-5.479533373271861
5624,-5.638884447932002
5625,-5.86068005418309
5626,-0.018847985231946682
5627,-5.680793827871042
5628,-5.564450214718584
5629,-6.135303695823276
5630,-5.982159170156739
5631,0.03277145446749098
5632,6.068774204944318
5633,6.524488312598389
5634,6.678190933184323
5635,6.02081588208419
5636,0.016104735216221962
5637,6.131022535175921
5638,5.107052630127665
5639,5.180175125516006
5640,4.9288594546662825
5641,-0.027291816578628492
5642,4.769250718617418
5643,-4.493226827890801
5644,-4.022259146952751
5645,-4.0768816872913325
5646,0.021089851805167308
5647,3.56750983607576
5648,3.450892258575092
5649,3.4100166074568294
5650,3.3854104403234047
5651,0.012116053960389225
5652,3.2899622790694187
5653,2.7390412561946946
5654,3.055045027087776
5655,3.041594834032544
5656,0.05305978914249332
5657,2.6403396804112407
5658,2.3275497632735545
5659,-2.4791489488929312
5660,2.109564263921504
5661,0.042985037752574465
5662,-2.4165606530850927
5663,-2.113838873747419
5664,-2.255221281046815
5665,1.9843069327714817
5666,0.06295668986642346
5667,2.3354565274910133
5668,-2.211918159677583
5669,2.1438004924384892
5670,2.920080531871207
5671,0.13578923784237146
5672,2.843448039883051
5673,2.632678248030057
5674,2.5587720343110165
5675,2.222560323176675
5676,-0.006969744480705715
5677,2.703415493210475
5678,2.1782024679328567
5679,2.4277726353099083
5680,-2.3110833814278253
5681,-0.08458798945528197
5682,-2.3502177024175332
5683,-2.0580467021587716
5684,2.1278102048096303
5685,-2.407921511796325
5686,0.009220610214716391
5687,-1.7949115846543828
5688,-1.8064454440521183
5689,2.148027595641983
5690,-2.5988985374859936
5691,0.0022993494932806273
5692,-1.9679010100207348
5693,1.8808160828966554
5694,2.659747853385373
5695,-2.5027025052111775
5696,0.00041332523662693135
5697,-2.515472939395153
5698,-2.345262388748141
5699,2.3061648520759124
5700,-2.485677117180819
5701,0.09799432092751811
5702,2.557258306265734
5703,-2.210510121490832
5704,-2.4174895506456546
5705,-2.2734216727818537
5706,0.0002300049900030308
5707,-1.9849819115274208
5708,-1.8738121589015986
5709,2.0214842554438004
5710,-2.1477430428408995
5711,-0.00688919372599939
5712,3.3531812817933746
5713,-2.860186000653239
5714,2.839939772298811
5715,-2.6281528032216044
5716,0.0010665817322764563
5717,2.5643807057372703
5718,-2.378238025213863
5719,2.454545510862777
5720,-2.499094316854333
5721,-0.0010406057027394203
5722,-2.371301384969627
5723,-2.5893894736593324
5724,-2.6011656628006774
5725,-2.584299374112974
5726,0.14984029233110044
5727,-2.0598282619084007
5728,-2.0473920026049846
5729,-1.9691869336293897
5730,-2.0021643745238045
5731,-0.06926270684164033
5732,-1.9089150290782406
5733,-1.745926725422374
5734,-1.829555621309875
5735,-1.6153824129516667
5736,0.04732691005049993
5737,-26.399810279082754
5738,4.178684397473249
5739,4.27552079248256
5740,4.267380815165901
5741,0.07844411580715904
5742,4.6070649846538805
5743,4.257854155039979
5744,3.6860937137716587
5745,3.441083357568663
5746,0.014787211572740891
5747,3.6898921581880177
5748,3.71900936142846
5749,3.5102491228022585
5750,-4.322850148019729
5751,-0.058539221240490304
5752,-5.098148249887478
5753,-4.938012336104102
5754,-3.5725369225346935
5755,3.5652768358372966
5756,-0.0776169338456486
5757,4.540033226278646
5758,4.475665352858406
5759,4.426936314264476
5760,-3.4042398705453305
5761,-0.08466752192054215
5762,-4.222421769312949
5763,-4.451931164534747
5764,-3.0677004020079894
5765,-2.4650177270635556
5766,0.06040349520047445
5767,-2.3941662875199867
5768,-2.5714940668868462
5769,-2.041544780963207
5770,-1.621106724732779
5771,-0.11595753479432531
5772,1.7392530146715206
5773,-1.6123030387480877
5774,-1.4440241603407966
5775,-1.5490474686944207
5776,-0.18148090956616586
5777,-1.5826506473086215
5778,-1.3719055806976508
5779,-1.237331815203177
5780,1.28754377432632
5781,0.0704196677735006
5782,1.5711921102637425
5783,-1.2571296282831896
5784,1.0541768270409304
5785,-1.3031197207260914
5786,0.06478279532267175
5787,1.2639583343837244
5788,-1.1704088243725057
5789,-0.9742270544605723
5790,1.066640068858961
5791,0.13216650651051698
5792,1.3684435110620226
5793,1.2660669198296814
5794,-1.1535747036763886
5795,55.56025146387833
5796,0.03795487171255147
5797,-4.536649022304141
5798,-4.305289667578216
5799,-4.635593958503488
5800,-4.355066889322628
5801,0.031060867803071185
5802,-4.101963095411849
5803,-4.058998547491546
5804,-4.038088724805802
5805,4.245734707652712
5806,-0.12013086453667343
5807,-4.3258582126063745
5808,-4.177079693286515
5809,4.217728820826503
5810,4.41891990689156
5811,-0.175374164948612
5812,4.148153679259445
5813,-3.6418101726527365
5814,-3.685092663542596
5815,-3.6804222721736384
5816,0.1744454133160941
5817,-3.7070207851609136
5818,3.7885992829561776
5819,4.706092507284963
5820,3.15654767896731
5821,-0.04634560532324191
5822,3.3797134170369305
5823,-4.349241103444376
5824,3.9636173994719788
5825,4.012930461336218
5826,0.036778466777359776
5827,3.9842881382748305
5828,4.06215667399149
5829,3.920986424202478
5830,-3.862570748063892
5831,0.09558853733404386
5832,3.4522187163265645
5833,-3.6255146546120733
5834,4.44566940456976
5835,-4.683101069321638
5836,-0.04383383834278078
5837,-5.315649426076724
5838,-5.379884980249553
5839,-5.905082426502861
5840,5.7636615799790984
5841,0.04257263730885241
5842,7.363474367211172
5843,6.701888646483026
5844,-4.117341841587184
5845,-4.807600310782147
5846,-0.09413706694423436
5847,-5.426107641637035
5848,-4.450188157751365
5849,5.469601912827218
5850,5.466364295744643
5851,-0.11825993964757593
5852,5.423157288413096
5853,-3.630505383323397
5854,-4.105950117093853
5855,-4.269354920067849
5856,-0.048642863656017915
5857,-4.23627057248077
5858,-4.544404593276372
5859,-4.450298703973331
5860,-4.11736160208083
5861,-0.0605286733564188
5862,4.471351932886176
5863,-4.109135429544064
5864,4.507648811567841
5865,-4.1091600448408245
5866,-0.11545431386362556
5867,-4.336703620082192
5868,-4.322720951971956
5869,-4.661685943309198
5870,-4.883589774741105
5871,-0.04736157698437211
5872,-4.77240784619592
5873,-4.680511418424554
5874,-4.566989849074852
5875,-4.589344084576781
5876,0.03182519902178218
5877,-5.0912823428865845
5878,-5.277976856818421
5879,-4.656658509602838
5880,-4.911317231130661
5881,0.08582633551601454
5882,-5.797030249288347
5883,-6.723015357508956
5884,-7.737516787666803
5885,-7.78696697863492
5886,-0.06115703253269669
5887,-7.408625938928805
5888,-7.071897600277295
5889,-7.44291392030639
5890,-7.829487842654077
5891,0.07315103340386452
5892,7.022902956975245
5893,7.741244604478412
5894,7.277435313731003
5895,6.585656020234375
5896,-0.08219400935951947
5897,-5.7392885418164115
5898,-5.863107178591875
5899,-6.009804510577291
5900,-5.556558379015055
5901,-0.04710013658424125
5902,-5.528794063080195
5903,-5.4416948878384455
5904,-5.242449284728899
5905,-5.086725796397711
5906,-0.04806144192105313
5907,-5.005044501814266
5908,-4.647574403679656
5909,-4.873079736966215
5910,-4.826363539255976
5911,-0.026024586193101603
5912,-4.932413974799375
5913,-4.213930306248944
5914,-4.385741518943436
5915,-4.459915404012963
5916,0.027445071902931804
5917,-4.342946002898995
5918,-4.14956845559804
5919,-4.7640577359896925
5920,-3.9282821311012404
5921,-0.011135222051591278
5922,-4.16710361741594
5923,-3.45057867457821
5924,-3.594433390514511
5925,-3.083259594085021
5926,0.014674551783054074
5927,-3.0898675717013586
5928,-2.7883182204118087
5929,-2.8335075837907677
5930,-2.852987654667808
5931,-0.009925013651326007
5932,-2.803025111120067
5933,-2.818310949395993
5934,-2.674391285873104
5935,-2.4793073252836924
5936,-0.07731279643850253
5937,2.45527484462551
5938,2.576242389758696
5939,3.1666979843839225
5940,3.3217610286679218
5941,-0.0228016985994947
5942,3.0059143034868607
5943,-2.8824755228630305
5944,-2.3922681324258668
5945,-1.9975415338010194
5946,0.07700358673254218
5947,1.9334705751908439
5948,2.1919931828867583
5949,2.7887967826962123
5950,2.459396618336984
5951,0.006568924750828841
5952,2.5066589358674753
5953,-2.4294519720436005
5954,2.699765949015822
5955,-2.7295170515430325
5956,0.031635436520755185
5957,3.2855160137089516
5958,3.1510031629962962
5959,3.168913661091475
5960,-3.3611623537775475
5961,-0.03588029591762135
5962,3.404841301601201
5963,-3.4789794870104327
5964,3.7846914374864356
5965,-3.7374007330412193
5966,-0.08252979207308268
5967,3.8400463136197445
5968,4.055834949952562
5969,5.451953888122979
5970,6.246869686572699
5971,-0.0037313049509699464
5972,5.031557934139593
5973,5.3085724690572125
5974,5.74294877765371
5975,5.630500760164047
5976,-0.038767282863592045
5977,6.229824255139044
5978,5.874462238654334
5979,5.791069805031649
5980,5.554762571597391
5981,0.042573163955396245
5982,6.083492971702728
5983,6.041232483737613
5984,5.740323188222003
5985,5.902589688213213
5986,0.006806345045248635
5987,5.73208822259767
5988,5.409779009964009
5989,5.22252513566576
5990,5.397941886707607
5991,0.008847966781829687
5992,5.62837510584572
5993,5.461381726097239
5994,5.377381168203679
5995,5.942099392382802
5996,-0.039316325020354856
5997,7.348259768499054
5998,8.22574975058843
5999,9.669920505763573
6000,10.466420357911517
6001,-0.011304444437760526
6002,9.772448139328613
6003,8.73251335817596
6004,-7.1155989516053175
6005,-6.711727389011675
6006,-0.14882654071451495
6007,-5.927139102291847
6008,-5.750600859103238
6009,-0.055953205262958695
6010,-4.737376854450389
6011,-4.454714023905487
6012,4.172810562623484
6013,3.7523740109070216
6014,-0.03323868335823386
6015,4.04411757150317
6016,3.487582200816424
6017,3.4613525780756915
6018,3.3619899047931594
6019,-0.07272851493683521
6020,3.2687427044435484
6021,2.9230387976244634
6022,2.690851249336239
6023,2.4890966043868237
6024,0.10273843661010582
6025,2.7179988828215693
6026,-1.8282845962360754
6027,2.0843179895831305
6028,-2.0449765823900687
6029,-0.1955591863551801
6030,2.2353571156820373
6031,-1.7362882554652992
6032,1.9426517105027865
6033,-1.9188599517037703
6034,0.14901131455383432
6035,1.6846300819307034
6036,-1.3070990780408047
6037,1.490289274998539
6038,1.4912997452533
6039,-0.0686107374247703
6040,1.5207487415905705
6041,-1.2432071098287851
6042,1.9020926027775282
6043,1.3366441599802419
6044,0.48355697569941175
6045,1.7146834641403943
6046,2.3224397064880864
6047,2.0527529120028474
6048,1.6824846621647913
6049,0.19552119960090575
6050,1.6704373945168391
6051,1.102992217333194
6052,1.361774039764876
6053,1.867965565243629
6054,-0.038524557968551594
6055,1.4615861740244966
6056,0.9735378890387874
6057,1.3204968687967262
6058,-1.3731150168952782
6059,-0.20743294992256206
6060,-1.3698795932708165
6061,1.2473022445692346
6062,1.3688596040145113
6063,-1.1843588628465156
6064,-0.22990101210203628
6065,1.151678351439946
6066,0.7892061291180201
6067,1.134533394186939
6068,0.8453156334108481
6069,-0.017294261646735122
6070,44.00375329937474
6071,0.7073369300142913
6072,-0.6814532431042356
6073,-0.7263428766203176
6074,0.025194799577874086
6075,1.0517100329290046
6076,-1.1560988691502148
6077,2.395630129401562
6078,-4.041476296421252
6079,-0.02764912128338758
6080,3.5715693258222334
6081,-3.8152725531106246
6082,4.259246077587165
6083,-3.4843756043641565
6084,0.015198165659343399
6085,-6.848602509223968
6086,-8.293365305346056
6087,-8.283189281533417
6088,-9.71170001177361
6089,0.06668241270518362
6090,-9.478180162139706
6091,-9.858320867684064
6092,-10.818585007321696
6093,-25.82044244123145
6094,-0.12555646680406785
6095,-8.532458969743402
6096,-7.6584540849911615
6097,6.225940922853292
6098,7.922980398407763
6099,-0.05883897577132508
6100,22.339626810778295
6101,13.196356368709994
6102,21.768361053099067
6103,17.132639981884854
6104,-0.05703085733902408
6105,14.902385336424134
6106,14.890094201696341
6107,10.26052044692282
6108,6.965758761615191
6109,0.16493612886078768
6110,-5.088175179637402
6111,-4.748479314393585
6112,-4.6793920265730495
6113,-4.866736588914185
6114,-0.020959885164669057
6115,-4.297510678625622
6116,-4.674854237564718
6117,-3.8640317486506053
6118,-4.521807966160988
6119,-0.004880553912235587
6120,-4.538088275036705
6121,-4.3573860883351125
6122,-4.66405197417747
6123,-5.426320701299487
6124,-0.03378776294817615
6125,-4.221048148288362
6126,-4.150773277753817
6127,-3.8963355839185625
6128,-3.6319227877035267
6129,-0.1086247747199014
6130,-3.0033982747444172
6131,-3.4856335427398046
6132,-3.0188818793783088
6133,-3.212956471131802
6134,-0.1076996561452597
6135,-2.957464992369161
6136,-3.3455948912743376
6137,-3.4195058031420382
6138,-3.509338038245256
6139,-0.18905266752399114
6140,-3.130805520755557
6141,-3.4053423454202907
6142,-3.3038726975088712
6143,-3.5898633460916276
6144,-0.09737255887134333
6145,3.1869523957825847
6146,-3.3947273857439395
6147,3.29442004144323
6148,-3.282325503458169
6149,-0.23493663374796975
6150,-3.2745023339719768
6151,-2.9537871341273583
6152,-2.9247220132180884
6153,-3.098359043822296
6154,-0.01853849974000533
6155,2.753966050563872
6156,-3.1869758990703714
6157,-3.6086837362078548
6158,-3.6858690064386783
6159,-0.2724147423465569
6160,-3.8114739670506674
6161,-4.066539874374907
6162,-3.8186255034353205
6163,-79.16143006413913
6164,-0.0
6165,1.2337706848291516
6166,1.121959538233636
6167,-1.4195276556277787
6168,-1.6570136735108811
6169,-0.007410653395551508
6170,1.722969216835905
6171,2.1543135366312445
6172,3.140619257711903
6173,-3.006783904061304
6174,-0.02098479973596805
6175,3.0995038402933868
6176,-2.8683436595832172
6177,-2.864167137216775
6178,4.224572120688047
6179,0.013564526546521384
6180,5.202407997812989
6181,4.287056696702674
6182,4.18497893105361
6183,-5.639202126469223
6184,-0.020811414701347175
6185,-5.332348373518876
6186,-7.192895871618792
6187,-6.232796166236068
6188,-5.255099438455372
6189,0.00981762456936953
6190,-4.184022336156071
6191,3.4644084031122557
6192,3.7431831644855054
6193,-3.4303707604011646
6194,-0.011583169703408062
6195,2.8884091462977732
6196,2.833306947231311
6197,3.460798940749109
6198,4.02741061602415
6199,0.009999694896511079
6200,4.116165030889531
6201,4.589898973202284
6202,-5.110851484168967
6203,5.076148167288338
6204,0.004181122285116119
6205,5.891103314143833
6206,7.063408786368266
6207,9.310785134558191
6208,-8.900019452385274
6209,-0.16370832370550312
6210,13.282442517707686
6211,15.83116520942344
6212,19.2738025187519
6213,19.45113659014763
6214,-0.036654641023091364
6215,-19.57355174583488
6216,-21.846751897634093
6217,-18.37283979748084
6218,25.268441357522693
6219,-0.012130563899929307
6220,-27.229260361102437
6221,-13.928391461391326
6222,-5.916447510607741
6223,-5.481576264214628
6224,0.0110793576673669
6225,5.800264286908793
6226,6.516431828044308
6227,7.64119655460075
6228,8.907070965902825
6229,0.01650826214044573
6230,9.9899342409204
6231,10.814055578674315
6232,11.828865383894975
6233,-12.428353797961089
6234,-0.008195038066638216
6235,12.953871294853958
6236,13.466173416087974
6237,-14.081411802515174
6238,9.768954907428146
6239,-0.020765584531655515
6240,-9.96372276126772
6241,9.993108006658943
6242,10.637434991206993
6243,-9.203157808554273
6244,0.04306664423229149
6245,10.24195138914572
6246,-10.029330237884752
6247,-9.192848858585739
6248,-8.505728976929655
6249,0.0060304050207508455
6250,-8.585926517225204
6251,-5.99987340352282
6252,5.324634295840996
6253,5.029142213605585
6254,-0.0007182445926739851
6255,6.450296780427111
6256,-5.7904417360950875
6257,-5.519425644782321
6258,-4.682398226133214
6259,0.009744556759311927
6260,-6.33196841343748
6261,-5.685529979172956
6262,-4.819404939850951
6263,-5.329915124916892
6264,-0.005076056578998763
6265,-4.808760324689529
6266,-4.78074453927255
6267,-4.880417413161336
6268,4.7143392837889655
6269,-0.014063711625909464
6270,5.141554893988862
6271,-4.990275258517332
6272,5.104695841825529
6273,4.9853913261816585
6274,-0.024158281516756894
6275,5.126554137503472
6276,-4.8793084441898165
6277,-4.801629889235812
6278,-4.463585974122678
6279,0.023954956667105915
6280,4.370825180095885
6281,4.143971930842184
6282,4.2367603173650545
6283,4.311462056723271
6284,-0.03702069911803489
6285,4.643839808772329
6286,4.255214914656008
6287,5.133298720351454
6288,4.919958496507851
6289,0.07253769861243546
6290,4.851536346648652
6291,4.556856677191613
6292,4.737341179883995
6293,4.525487784272631
6294,-0.014684815785365428
6295,4.796350148427218
6296,4.777283277417746
6297,5.18505704737896
6298,26.17620606838625
6299,-0.0
6300,7.624344189420193
6301,7.77030560605519
6302,8.386651756620015
6303,8.447411226336792
6304,-0.016074144018757487
6305,9.25924670741559
6306,9.331941068032691
6307,11.274117540138702
6308,11.453460850994876
6309,-0.005632891311577325
6310,13.161688151553712
6311,14.376540589643124
6312,16.967431319473505
6313,17.529402871448116
6314,-0.028673771627700167
6315,18.377980508780357
6316,18.66800611363798
6317,18.591710099720885
6318,17.614493778556678
6319,-0.004557038777817281
6320,18.809484964963353
6321,20.337113635725203
6322,21.488700523102548
6323,21.435700126984425
6324,-0.04257252081037702
6325,23.087663257494945
6326,24.62745729868843
6327,26.467260302309413
6328,-34.39097979096989
6329,0.024797806078387805
6330,-38.83247155415239
6331,-33.28287624330298
6332,35.3096058663328
6333,33.71265612091651
6334,-0.06301635289965785
6335,34.630502378171485
6336,47.16272008948886
6337,32.87538076036776
6338,24.46118986178731
6339,-0.0
6340,-27.46284036674862
6341,-27.411579307047855
6342,-39.78125942339484
6343,-34.674197929966226
6344,0.117333809368155
6345,-29.282412883006693
6346,34.030492081319615
6347,-26.740405101488363
6348,-27.240296117593527
6349,0.6155182097521135
6350,-32.08635261754656
6351,-29.283049558988598
6352,-28.152873610597297
6353,-26.461341165475357
6354,-0.06606575047875766
6355,-25.855140304355526
6356,-23.063514587223825
6357,-49.75209632446085
6358,-38.87120842226129
6359,-0.41763055800512944
6360,-32.01994001245759
6361,-27.721131123174732
6362,-22.21323888275694
6363,-16.517361854209238
6364,0.009867186388137474
6365,19.76455252041942
6366,19.57019305962812
6367,17.87599561209634
6368,-18.539382717905728
6369,0.036308197817243364
6370,-18.84546207581512
6371,-18.99171028529261
6372,-19.56958715840864
6373,-20.253788661269535
6374,0.04471332010751556
6375,-20.80556528145065
6376,-21.217330023917608
6377,-20.64572066758339
6378,-19.20585706024068
6379,0.005495567685781794
6380,-17.475921056050108
6381,-16.292839744817336
6382,-14.937144766166588
6383,-14.368028687160503
6384,-0.055174641421256526
6385,-13.802857211677528
6386,-38.90960863162937
6387,1.6177751566997227
6388,-1.3347888407186155
6389,0.022555070710762636
6390,1.3736439952180428
6391,-0.9273320723583441
6392,1.0009355681517353
6393,-1.096887706138846
6394,-0.030213951101016226
6395,1.157926377212618
6396,-1.223313409025458
6397,1.412086528522942
6398,-1.5552771995293548
6399,-0.0066100803274988275
6400,2.1798820005732247
6401,-2.1588100897063267
6402,2.3090023826753905
6403,-2.2382835200547953
6404,-0.030924195025104777
6405,2.524290567406841
6406,-2.5037005976072604
6407,-2.689630685569929
6408,-2.58083162733526
6409,-0.021028504391542628
6410,-2.595934135464556
6411,-2.6422954174101068
6412,-2.8591390727038792
6413,-2.867853893805912
6414,-0.01286629244026693
6415,-2.8183420610360654
6416,-2.8725901289695726
6417,-2.7853409213687543
6418,-2.7637161838375097
6419,-0.01498298388840617
6420,2.633145357230927
6421,2.5956625930590724
6422,-2.7161966287801413
6423,-2.7567384425361734
6424,-0.03385619193767127
6425,2.671571676548957
6426,2.426185120991941
6427,2.3803318869851626
6428,-2.3014678739480767
6429,-0.041322352006655357
6430,-2.1460871193990356
6431,-1.8401809866367413
6432,-1.8574638619317412
6433,-1.9755167870635084
6434,-0.0038272716459962774
6435,2.2134314637237664
6436,-2.278824594208811
6437,-2.195127680775289
6438,-2.087426936279853
6439,-0.035653288002048894
6440,-1.9590094182702724
6441,-1.6122494092640798
6442,-1.6149742710384651
6443,-1.7037144958245478
6444,0.004937039130675156
6445,-1.7252691578441322
6446,-1.8711992474050638
6447,-1.8770667623776047
6448,-1.9332393523160314
6449,0.0010438525063075
6450,1.9435165434035924
6451,-1.9372500624647215
6452,1.9286827293646713
6453,-1.9315289306763797
6454,-0.02462303894236656
6455,-1.8353453131468216
6456,-1.8444303128320916
6457,-1.9229754945125013
6458,-1.990116075717524
6459,-0.00704383920949945
6460,-1.9123171746869048
6461,-1.8961152680500606
6462,1.9120355660831563
6463,-1.9197690446645075
6464,0.019687581977898883
6465,-1.7922615861170963
6466,-1.72783209147021
6467,1.7205030994228703
6468,-7.206680057233696
6469,-0.0005268291179623116
6470,-2.76106721555774
6471,-2.922639155440561
6472,-2.8836978264553177
6473,-2.814876492853122
6474,-0.0029505985748043352
6475,-2.730724887939885
6476,-2.6869825030551393
6477,2.7712325809538085
6478,2.964771879481243
6479,0.00037050181569570946
6480,3.0834432914157777
6481,3.254041929599815
6482,2.866495178456547
6483,2.720560787913501
6484,-0.018688796830589903
6485,2.835049996801897
6486,2.9185058163051387
6487,-3.027157926451494
6488,-3.3601755133665234
6489,0.012013040137524592
6490,3.8069311126622187
6491,4.708456629413333
6492,-5.648709672413938
6493,6.613836285549609
6494,-0.0024961916030745218
6495,9.140410865144009
6496,7.992873869705415
6497,-8.62556189371188
6498,-7.457394940165601
6499,-0.10525829441472381
6500,-6.542260345084756
6501,-4.939818242498569
6502,-4.421619087380016
6503,-3.99807726185862
6504,0.013561278589017869
6505,-3.8333383199224023
6506,-3.910649957962367
6507,0.045945867845082984
6508,-3.4584895861681373
6509,-2.7360864956102957
6510,-2.4556476893637216
6511,-2.616530757040053
6512,-0.026062259376790478
6513,-2.9049094420023556
6514,-3.283939041264814
6515,-3.3518983119406873
6516,-3.3551509156346966
6517,-0.009167265940279785
6518,3.2827326810996884
6519,3.339233724226516
6520,3.001492360823113
6521,-2.993530781053728
6522,-0.004475150494179497
6523,-2.868491712049046
6524,-2.6320979220304626
6525,-2.6413761854609965
6526,2.5623216141722054
6527,-0.008881815143409024
6528,2.9472407127324867
6529,3.0572891389876378
6530,3.405316079937489
6531,-3.042653170053392
6532,-0.0158181366789984
6533,2.514292253453183
6534,2.0206609523045347
6535,2.0610165951620125
6536,-2.099131229471503
6537,-0.016358094103585626
6538,2.629577245899491
6539,3.2857171854873095
6540,-2.929448245929477
6541,-2.363365595028259
6542,-0.007992155024296817
6543,2.025066732474321
6544,2.028973809253606
6545,3.042361419179287
6546,3.9151866792583445
6547,0.02671047937024736
6548,5.3320758372723605
6549,5.475466012065616
6550,-4.310377528995573
6551,-5.09191360506033
6552,0.0286077756693062
6553,-4.422973422681801
6554,5.105076755040077
6555,-5.289987123531574
6556,-4.958291208463125
6557,-0.010246261130141538
6558,-4.674270928325008
6559,-4.273918223632865
6560,-4.119590494372872
6561,-4.230377803703967
6562,-0.009032294790778618
6563,4.199878796614942
6564,-4.164278721976938
6565,4.292267675403223
6566,-4.317164074544262
6567,0.009441584493611753
6568,4.4558773687516
6569,4.341611391422266
6570,3.742082397810895
6571,3.341701288280772
6572,0.049163205210128444
6573,3.5528483849702064
6574,5.181073637239208
6575,5.9803670971535325
6576,-5.842846405456165
6577,-0.06476758150029874
6578,-6.065061209085475
6579,43.988066683422886
6580,-2.9727256479920796
6581,-2.9443606630127843
6582,0.05825422173245431
6583,-3.25489551593407
6584,-2.5551193087729187
6585,3.1465341720686437
6586,-2.931339446803033
6587,-0.02656196209382198
6588,2.9791814680912525
6589,-2.884086652798466
6590,-3.0902406781154474
6591,-3.0703755673463298
6592,-0.0365615329774673
6593,-3.3384165494243274
6594,-3.7505229054361804
6595,-4.1104225374314165
6596,-4.254750291643297
6597,-0.03887274758344579
6598,-4.735539109670025
6599,-4.70593752647676
6600,-4.717217747942736
6601,-5.04051212573094
6602,-0.049829379117242625
6603,-5.038979982848687
6604,-4.86676685868646
6605,-4.702594803093173
6606,5.023915946026283
6607,-0.033463996359545986
6608,5.621053327234079
6609,4.97616871692271
6610,5.58052915142551
6611,-5.289774095895127
6612,0.045712754183902846
6613,-5.759537495405564
6614,-5.854162780668197
6615,-6.188584574780771
6616,-6.353844024193813
6617,-0.003327378817089904
6618,-6.534497412977155
6619,-6.421511779106199
6620,-6.619573434661849
6621,-6.760433027612133
6622,-0.07708641155943108
6623,-7.3138149355081925
6624,-7.377493609306496
6625,-7.247670309990073
6626,-6.869616100149325
6627,-0.04530654085862149
6628,6.756067143538375
6629,-6.913346644672236
6630,-6.896891854242005
6631,-7.023401331953576
6632,-0.04863066323242521
6633,-6.818468850715825
6634,-6.931177799916512
6635,-6.841134822958077
6636,7.097167950480886
6637,-0.0488531869022722
6638,-7.1014394824134115
6639,-7.338465350665809
6640,-7.119933791398645
6641,-6.57946324775573
6642,-0.003926669405702705
6643,-6.142575808240447
6644,-5.970016120240928
6645,6.218965345344402
6646,-6.4378514873209305
6647,0.021598491326578713
6648,-6.425956764976573
6649,-5.663892385431447
6650,-5.924472077994304
6651,-5.261081408483434
6652,-0.014512398659826146
6653,-4.591314373059995
6654,-4.396089679412706
6655,-4.3288539049343875
6656,4.168089994978379
6657,-0.021462436116891186
6658,-4.5594768506906584
6659,-4.627873353644446
6660,-4.383343125584261
6661,-4.659412937186461
6662,-0.024025376644434805
6663,20.703506714585412
6664,-9.692846723747612
6665,-7.60941739130536
6666,6.588748617903509
6667,-0.040131970334768334
6668,7.02361422745155
6669,8.3862497495262
6670,-7.294638159763105
6671,-6.386642178860835
6672,-0.020329208734243782
6673,-5.886763949902059
6674,-6.529255056880084
6675,-6.5514958369630625
6676,5.7307223965141
6677,-0.020868510868093788
6678,7.359910034544811
6679,9.004405094396782
6680,10.46957848016621
6681,15.31204042140369
6682,0.04291661093752948
6683,-14.960448958495839
6684,-14.020653705402585
6685,-12.219879226590363
6686,-9.397447292174407
6687,-0.002015709745898569
6688,-9.212787701645698
6689,8.541631131867488
6690,8.806361940073684
6691,-8.463054005238472
6692,0.03135503989452296
6693,-7.9194798972520255
6694,-6.9375994833007875
6695,-6.517784053598279
6696,-7.590263314933816
6697,-0.034911973789202945
6698,-6.191628914617749
6699,-6.336022921300799
6700,6.342408220381378
6701,8.321575730123456
6702,0.017671860417729977
6703,-8.470299549098323
6704,-9.039383402941795
6705,-6.950450604301062
6706,5.838315100613251
6707,-0.035982690243848175
6708,8.620642084573232
6709,-9.655001550653543
6710,8.204379889161505
6711,8.824197590566433
6712,0.03459456916530683
6713,11.757145284260263
6714,13.214318299125669
6715,-21.452593300936282
6716,-2.547514950852416
6717,-0.04494259767098278
6718,-2.5711633210251352
6719,2.977000545844361
6720,3.8911486359331486
6721,4.095062342049164
6722,0.0530103678801087
6723,4.852138936277256
6724,4.398412211836869
6725,-5.141090968534304
6726,-5.075134193919732
6727,0.008282215241895378
6728,-3.99612188397476
6729,5.282175510085714
6730,6.104721084636163
6731,-6.204126778622929
6732,-0.014143746443702735
6733,-6.139770104021366
6734,-5.487806341762549
6735,-5.412733034277118
6736,-5.075481859053364
6737,0.021251484769276113
6738,4.687987036091298
6739,4.356967468632285
6740,3.814699159085254
6741,4.5799539510178615
6742,-0.04113868945182904
6743,-4.761160027124282
6744,-3.523035894805245
6745,4.3045336445459
6746,4.954776000292186
6747,-0.00360999539173543
6748,5.357538143202452
6749,4.573927333285142
6750,-5.977870595331264
6751,-6.0322755904845815
6752,-0.014991440461270591
6753,-5.666632314684167
6754,4.732901922038356
6755,-5.080774816030882
6756,-4.289091864903044
6757,-0.02772898950051487
6758,-4.436117037155844
6759,-4.4601663888467575
6760,4.636062254685289
6761,-4.628742900925837
6762,0.008025592391246714
6763,4.596340601151479
6764,4.120097956780091
6765,4.583418797972449
6766,4.4412946972911955
6767,-0.02544276984419628
6768,4.23425900051016
6769,4.358434920260744
6770,4.811971029560561
6771,-4.2318908499565335
6772,0.010121788847969085
6773,4.630292706683656
6774,-4.659762661346642
6775,5.015665505293065
6776,-5.016625279690236
6777,-0.010099046526248311
6778,5.418767746061206
6779,-5.237760621258172
6780,-4.876116480553483
6781,-4.3754653271862765
6782,0.020372511678115036
6783,4.693445264748139
6784,4.371487721394164
6785,5.233376707424702
6786,5.705709264187184
6787,0.009235564034527273
6788,6.193942815502888
6789,6.056679756692015
6790,6.5425471587649975
6791,-6.211027736551471
6792,-0.009263985731566626
6793,-6.044940275202072
6794,-6.0152150830911095
6795,-6.4580162659599365
6796,-6.382490127930495
6797,-0.0074501640886582825
6798,-6.361605160138505
6799,-6.2728345832460635
6800,-6.064754856436072
6801,-6.00017373123587
6802,-0.03207647439672547
6803,5.766040314412782
6804,-6.014732216920227
6805,-6.192809268028547
6806,-5.418553486492915
6807,-0.027806012275215473
6808,-5.310262487205765
6809,-4.993665773663758
6810,-4.941441206575061
6811,-4.271278725023791
6812,-0.023553707645675336
6813,-3.7659493810659486
6814,-3.8398286436851663
6815,-3.449883695216306
6816,3.6939164918399765
6817,-0.01703208504209886
6818,-3.6487197846260884
6819,-3.4704429807600414
6820,-3.1176797516274517
6821,-3.1967037777231684
6822,0.00034817897587394284
6823,3.1961132892442503
6824,3.2251959024174512
6825,3.2566193767448506
6826,3.22501300515685
6827,-0.008332947440976237
6828,3.32495512626119
6829,-3.2774307188645855
6830,-3.231710337853417
6831,-3.1600313060627787
6832,-0.012017180376565753
6833,-3.0794024680034884
6834,2.9222451663608098
6835,-2.976926899396785
6836,-2.774535579528757
6837,-0.003979533874893827
6838,-2.659704097350906
6839,2.712315009927368
6840,-2.8358922550198464
6841,-3.040292958524391
6842,0.008976655238895199
6843,-2.9068846943598614
6844,-2.842843504004809
6845,2.7320505468072427
6846,2.743335032616148
6847,0.005955963410855737
6848,2.7939253586752684
6849,2.6819677719330084
6850,2.8060832492389993
6851,2.835048437597267
6852,-0.005644036100063359
6853,3.0643333364014453
6854,2.917328994133365
6855,3.3794391390845133
6856,3.403017770044563
6857,-0.00810267441756959
6858,3.432645515649792
6859,3.248763581646207
6860,3.3572023016966486
6861,3.2336485086429083
6862,-0.02569901801127699
6863,3.4271884307597715
6864,3.3982436238766907
6865,3.6016747919902588
6866,3.6570505639195363
6867,0.00762637752752578
6868,4.024502487691411
6869,3.9875113945768974
6870,4.067494579337746
6871,4.027565414876029
6872,0.007251126736588948
6873,4.760453026371136
6874,5.175047263883644
6875,5.968005875962259
6876,5.578542541186047
6877,-0.0034931741165487545
6878,6.023534903621878
6879,5.082173275793479
6880,4.983466235422192
6881,4.586166280863529
6882,-0.03068080160969833
6883,4.4225686500176105
6884,4.164988624084791
6885,4.2750863359303
6886,3.7368791975115756
6887,-0.007675515048826356
6888,3.8637777185869404
6889,3.6099562342565936
6890,3.8683599778389826
6891,3.33143948011742
6892,0.01961956956441572
6893,3.465212189238887
6894,3.541755711174983
6895,48.226973962492785
6896,-3.7256290776739327
6897,-0.03034968693889508
6898,-3.722112380196397
6899,-3.675929096489399
6900,-2.271867672640438
6901,-1.5081122548809716
6902,-0.06514598356241195
6903,1.0717177955680564
6904,-1.30508255199863
6905,1.2189262552939861
6906,-1.2494618325277613
6907,-0.12489039607900766
6908,0.9290067684034098
6909,-1.1433883876410476
6910,1.3229566026782529
6911,-1.407888086384259
6912,-0.09121322153636796
6913,1.429427828973806
6914,-1.7381216721905333
6915,-2.0040087142949266
6916,-2.782566224989918
6917,-0.014350679356304455
6918,-3.5621878169292307
6919,-4.244005047468585
6920,-3.8499259593933055
6921,-3.821179944777435
6922,-0.1455984163016061
6923,-2.5233055627597363
6924,-1.6567356333599959
6925,1.556027919621536
6926,-1.4337612837401073
6927,-0.10173071344568385
6928,1.525630317337282
6929,-1.5287500153202382
6930,-1.2849766769499833
6931,-1.6475468291560713
6932,-0.008361964469172149
6933,-1.8242945305603462
6934,-2.050843322732614
6935,-1.9463390202151603
6936,-2.0743300420721136
6937,-0.09085391964944844
6938,-1.7987486987915788
6939,-1.8725582360149466
6940,1.7969794625730033
6941,-1.9075177598356994
6942,-0.09511597667858096
6943,1.7459349376910234
6944,-1.85000129325529
6945,1.9868766107085947
6946,-2.2071003395350868
6947,-0.015704485789722663
6948,-30.264066870128275
6949,3.7110020034368154
6950,-4.068949130066565
6951,-3.9288357412626405
6952,-0.030715210277347228
6953,-3.593168267932094
6954,-3.7431020056935784
6955,4.509262633811792
6956,-4.441048626197995
6957,-0.02709100829008793
6958,-4.108074312348636
6959,-4.05315991649314
6960,-4.203068813710496
6961,-4.524704748138379
6962,-0.01567060971445332
6963,-5.443595327187794
6964,4.002462639942478
6965,4.447410050340709
6966,-3.1593204155726284
6967,-0.042285029965854475
6968,-2.8383015970324075
6969,-2.782390583012258
6970,-2.6099942782383945
6971,-2.4582151471779228
6972,-0.014320819503227061
6973,-2.407293558023069
6974,-1.9258730117685166
6975,-1.9342048998216679
6976,2.242361387293945
6977,-0.030281211670577932
6978,2.7050088430793644
6979,3.224594035208353
6980,3.4682826573925407
6981,5.151403735464872
6982,-0.028598011245106
6983,10.30436953408737
6984,-7.548752966459313
6985,-8.506978800111902
6986,-4.253293947230781
6987,-0.010622296475438574
6988,5.2504716994182585
6989,-5.018200580112392
6990,-4.5971553508326615
6991,4.525298742277573
6992,-0.009972777512947653
6993,-4.4917856342655815
6994,2.8619861153791795
6995,4.165376470214454
6996,-3.5900077326144832
6997,-0.030964488469358974
6998,-3.782233115731653
6999,3.037218144275011
7000,3.3777220036889264
7001,-4.770893724593163
7002,-0.056094649342022296
7003,-4.502781008073323
7004,-4.476708076820635
7005,4.654326201941175
7006,4.616358308207567
7007,0.014532192523878523
7008,-3.5602419853701517
7009,-3.162060799134402
7010,-0.0287546728117291
7011,2.5371534902585693
7012,-2.359012513371974
7013,2.451714127165419
7014,-2.4834949221965252
7015,0.031709052038355716
7016,2.5503789725649333
7017,5.601787083829772
7018,7.7481305184281855
7019,4.910230194291975
7020,-0.0069408673525892155
7021,-6.971799469488912
7022,-4.896071296878897
7023,-3.664513104805078
7024,-6.589249577681843
7025,0.0244250285934423
7026,-8.447300823817683
7027,13.886134667581125
7028,-8.33242578279706
7029,-10.355015150762542
7030,0.04297560810303464
7031,14.841115791810026
7032,12.730473989011745
7033,-20.6134529863851
7034,5.769678134724592
7035,0.005365519172595032
7036,-3.698884199102124
7037,6.743749795988464
7038,5.109179799385797
7039,-4.7721797677176445
7040,-0.0362892302355669
7041,5.990220482744046
7042,6.368848295398471
7043,7.312228710041853
7044,7.352094325129926
7045,-0.004494421151490152
7046,6.878960170314633
7047,6.620826786345156
7048,6.760805591610597
7049,-6.683211432301148
7050,-0.019342214367791422
7051,-6.87690915980631
7052,-7.74927536856651
7053,-7.658465547212924
7054,-8.238103121621362
7055,-0.019487372057292368
7056,11.739713154322002
7057,7.399855843544856
7058,-8.477839025208986
7059,-6.826198949308519
7060,0.04766860607487409
7061,-6.952891080871433
7062,7.725321443368727
7063,-7.616839946107107
7064,9.884703445019005
7065,-0.02768677495241506
7066,-8.578181002036796
7067,6.357606658788655
7068,4.596783065099414
7069,-5.296550836059789
7070,-0.01862782479394104
7071,-5.784898530032976
7072,-6.4299984735202695
7073,-7.842207146294701
7074,8.673130800652695
7075,-0.024300951714949764
7076,-8.920181786358139
7077,9.634696595613448
7078,-9.18800346546721
7079,8.078170738703909
7080,-0.025693985450478945
7081,8.637005926355053
7082,-7.980036413652507
7083,-7.254216701117557
7084,8.701507181162226
7085,0.033800426401002046
7086,8.524412875138687
7087,8.031178600043463
7088,-7.956100303860444
7089,-7.907921911613291
7090,-0.03887833962080425
7091,8.281247850093232
7092,8.281627029042035
7093,8.524711405051116
7094,7.674560590870419
7095,-0.019883728104351003
7096,8.08927421854977
7097,-9.464114212129301
7098,7.508932028623523
7099,9.263307038199148
7100,0.03816470266392783
7101,10.297799820611484
7102,11.627209787646352
7103,14.670978408106691
7104,10.952734104589922
7105,-0.06276633833761336
7106,8.787357672532403
7107,-8.284309596176577
7108,-9.464322275854895
7109,-10.403034050917704
7110,-0.02421622334316673
7111,-10.665362169787754
7112,-13.20886868312129
7113,-13.75242677430618
7114,-14.990186880169901
7115,-0.004682136772876955
7116,-16.69720946403782
7117,-15.36655370804129
7118,-13.550820171847787
7119,11.061284528387814
7120,0.021039190652724176
7121,7.383350584530949
7122,-7.548191261573185
7123,12.098557463813743
7124,9.878218004657706
7125,-0.05037877072469994
7126,10.669100321197636
7127,9.405106155439617
7128,6.9909158490695305
7129,-7.114322838926331
7130,-0.049376124016904166
7131,6.201801466223304
7132,5.267591207515214
7133,4.998511468195852
7134,-5.335831354223188
7135,-0.022127212204272453
7136,5.343961382714958
7137,5.504745699897074
7138,5.319806832697092
7139,4.98327238414643
7140,-0.05037730577204522
7141,-5.200668108582121
7142,-5.630544060282351
7143,-6.123662684284582
7144,-6.453506609822812
7145,-0.05977916805300811
7146,-6.275097274629546
7147,-7.352547181895455
7148,-7.440394449587622
7149,-7.841393127888765
7150,-0.027749942039937806
7151,-8.889027215969667
7152,7.555785228800752
7153,7.138524986070814
7154,6.718534421377237
7155,-0.03170262606348052
7156,7.1883763733560375
7157,-7.232979970545947
7158,7.199017199313177
7159,-8.955290144338159
7160,0.01232085610031028
7161,-9.336536506112674
7162,-9.226818379366684
7163,9.065445877212841
7164,9.401733357665897
7165,-0.0232675034905771
7166,9.359822301656182
7167,-8.98003159069667
7168,-8.322787905239272
7169,8.216714709923275
7170,0.01843182208466781
7171,8.338201795176431
7172,6.962369229148931
7173,-7.05860182355827
7174,-7.254709139131806
7175,-0.0422789531246291
7176,-7.141320485437132
7177,6.65063095445677
7178,-8.401737375559938
7179,6.908012201024428
7180,0.028238602622807026
7181,7.0248910492228305
7182,8.376740164602358
7183,-6.694225632819973
7184,-6.945619574158827
7185,-0.029035752229976747
7186,7.564961879969171
7187,7.59403546458888
7188,-8.069365122388092
7189,-7.470779445725419
7190,0.02198715735263818
7191,7.117315541074083
7192,-7.9502959160717595
7193,-8.123910352979683
7194,-8.88137497728008
7195,-0.04717369876889268
7196,9.326129239579963
7197,10.337064563113683
7198,10.516621388916022
7199,10.72398169583104
7200,-0.02346490741948659
7201,10.88385885703779
7202,10.637219059878687
7203,9.411968933843387
7204,-8.733015825019947
7205,-0.01617553307431182
7206,-10.896715187692783
7207,-14.73317948002347
7208,-9.618557282341682
7209,9.220606428960417
7210,-0.014067168519709648
7211,8.12102263296327
7212,-8.458431557505738
7213,-9.193221374832014
7214,8.678007929223327
7215,-0.026125903720599367
7216,-9.393654775506088
7217,-9.952569766468933
7218,-10.898803525939815
7219,-11.810703953742735
7220,0.020070735766088227
7221,-12.086005488826697
7222,-10.060877636829822
7223,-9.733082325338762
7224,-8.85319518588913
7225,0.02378334571971072
7226,-4.558965691722413
7227,-5.141727795116654
7228,-3.755742761821033
7229,-4.072061266956795
7230,0.011455253225560035
7231,-2.5918866616583744
7232,-2.947314535942265
7233,2.6101927473426354
7234,2.986519332512083
7235,0.005858194637392476
7236,3.9873269851578272
7237,4.125579436354768
7238,3.1439213695223924
7239,-3.0372503607720116
7240,0.01589737256899358
7241,-3.7133632287320664
7242,4.513339580664204
7243,-2.352790651824674
7244,3.394861682631292
7245,-0.025521634937674863
7246,-3.6427925197349236
7247,-3.3791949737071967
7248,-2.8788284460936837
7249,4.642298665131711
7250,0.01955204062349618
7251,-4.52047970129319
7252,3.571476475906442
7253,-3.02708125552834
7254,-2.076595764397395
7255,-0.019646316620646254
7256,-2.9306312964379635
7257,-2.517512046168057
7258,-2.4707609299820943
7259,2.748623784450014
7260,-0.03565364212908254
7261,3.0398756499983786
7262,3.4201949305224897
7263,-2.467691187333335
7264,4.413180257329921
7265,-0.05273699059221399
7266,7.736121278666491
7267,8.369021668929147
7268,9.599550193605149
7269,8.270494918052657
7270,-0.030120106219703645
7271,7.8505547570002685
7272,10.150745456030476
7273,12.707342398853287
7274,13.84957387169925
7275,-0.025688638396429177
7276,14.471689108533601
7277,-16.14243721972042
7278,15.034317570852387
7279,-18.045047917196204
7280,0.014400778211407506
7281,14.488864259159978
7282,-16.220891896986977
7283,-13.665155511443576
7284,12.797498487104336
7285,0.01832551465033404
7286,-12.95994473546081
7287,-13.851670542067723
7288,14.121905612574652
7289,16.93427821969729
7290,0.04414959057475779
7291,-15.262258557556127
7292,-13.65614322592424
7293,-13.857298931463713
7294,13.3397795270088
7295,-0.03075052369238031
7296,11.07222634353032
7297,-10.419551283355837
7298,-11.204076714069782
7299,-12.043679099060416
7300,-0.1613045384582156
7301,-10.297611403157717
7302,10.036186836444374
7303,9.105533344784696
7304,10.082799983088437
7305,-0.012203997283417258
7306,10.602005073130897
7307,14.2588206813854
7308,-10.780880104320763
7309,11.841181494369936
7310,-0.0009904931868666223
7311,-13.356753835337289
7312,10.08262328376739
7313,10.35781762147682
7314,-15.212039093700062
7315,-0.0027765779699032876
7316,-14.600730344726474
7317,-13.6545783398001
7318,13.371280058741865
7319,9.166711982870979
7320,-0.008693960813412574
7321,14.978565551220536
7322,12.309357215763784
7323,19.805443355850798
7324,22.60995929224989
7325,-0.0420290845103552
7326,10.57447069627061
7327,8.776692070375914
7328,11.481036058763614
7329,7.26219569537681
7330,0.028825181072784232
7331,9.032411714474598
7332,-15.112415855180807
7333,6.123087064345842
7334,-5.538220062146626
7335,-0.009857855439426577
7336,-5.5533025347364635
7337,-6.512460547207114
7338,-5.558614119735656
7339,-6.184851202574001
7340,-0.031993458050834554
7341,-6.561116429381908
7342,-6.81876165418689
7343,-6.766172397091811
7344,-8.250968403977554
7345,-0.028985349969552317
7346,-9.815558281339229
7347,-10.993713995597513
7348,-12.818034133159541
7349,-13.840082191863797
7350,-0.024272259972914535
7351,-13.7800838618676
7352,-14.392903506033111
7353,-13.065812056717018
7354,-11.604609105641167
7355,-0.030181513616905076
7356,-12.144868450160667
7357,-11.490342248031762
7358,-11.582615974637692
7359,-10.661407146495126
7360,-0.0235806655101778
7361,-8.55425020845057
7362,-7.622256039054243
7363,-6.88189159367775
7364,-6.653171297671075
7365,-0.004275171403544179
7366,7.478600076649773
7367,7.070631043641845
7368,8.096016774053023
7369,6.974237492891269
7370,-0.013734894145793897
7371,-7.105864214863506
7372,-8.216452736431803
7373,-7.857577387115017
7374,-6.297436152172767
7375,-0.013257669362226896
7376,5.380951475376685
7377,5.002364342536847
7378,5.382617998904542
7379,5.142070809456559
7380,-0.034721211243430264
7381,-5.4511484728766
7382,-6.182407498200885
7383,-5.466076562387573
7384,-5.868489164751583
7385,-0.01743235050721119
7386,-5.181808908600283
7387,4.886311119595551
7388,5.990557479066186
7389,5.431098542110385
7390,0.01826191645023297
7391,6.252983473033324
7392,5.955667218463938
7393,6.651034687891993
7394,6.162060721227115
7395,-0.04105438923700247
7396,6.795626607575607
7397,6.699112695497388
7398,7.89653732065428
7399,7.405339143024418
7400,0.041840569815494826
7401,8.044279862497325
7402,7.68446701144598
7403,8.073043623927527
7404,7.957914862357499
7405,-0.04226958109703561
7406,8.874006006518774
7407,8.806516832242881
7408,8.614720036135843
7409,8.565178382957791
7410,-0.009798491524413621
7411,8.452034237935175
7412,7.179003842100578
7413,6.575029456655872
7414,-6.729678194096703
7415,0.006112212112822121
7416,-6.6764721366087905
7417,6.433618421821841
7418,6.968540727679995
7419,6.339563447081227
7420,0.012935710971449356
7421,6.511961484443694
7422,-6.4080075268807555
7423,-7.281122161159324
7424,-6.832521736300337
7425,0.023333657724101318
7426,7.137280736947607
7427,7.773071208088544
7428,9.133334912155135
7429,9.67639211412482
7430,0.006670782180281819
7431,10.71581650316819
7432,12.103861901313481
7433,-12.154230419011684
7434,-25.24619771108402
7435,0.03528169425313491
7436,-16.56323764935873
7437,21.344405691051772
7438,12.467315871145239
7439,19.10114461521391
7440,0.016889106475384465
7441,25.291568913520106
7442,-14.246399194266724
7443,19.74505981426094
7444,25.537083968020543
7445,-0.03041459070549891
7446,28.21048659125622
7447,29.130673696748648
7448,30.03372219876838
7449,-28.217660932229187
7450,0.001122928498577169
7451,-31.54525553787605
7452,-26.241204754088503
7453,-22.954656208210096
7454,-22.49770558008369
7455,-0.036048079138228356
7456,-22.602573978334654
7457,-20.752629381793284
7458,-15.330638340369045
7459,-11.186750079634319
7460,-0.0
7461,-8.76413814941837
7462,-8.96312179977835
7463,-8.887381831700452
7464,-7.565442384733936
7465,0.008913501419410589
7466,-7.289203981180753
7467,-6.873755877720411
7468,-5.779524340214413
7469,5.7092917889091686
7470,-0.011355354877033213
7471,6.550438168646408
7472,6.863739939262666
7473,7.305926346330962
7474,8.024629493227625
7475,0.0154113463434674
7476,8.05059065583857
7477,8.126867415237733
7478,8.45802677819068
7479,7.688836905817722
7480,-0.0154996139625141
7481,7.6410750902784415
7482,-7.369472022202635
7483,-6.594866499311157
7484,6.504910307628494
7485,-0.037645054163618345
7486,5.877752796372482
7487,5.1773858845605085
7488,5.355036417627722
7489,6.11698187304054
7490,0.031911358419244376
7491,8.786369182378857
7492,9.818301934780783
7493,12.933669518179531
7494,12.624555600293668
7495,-0.05780639164418338
7496,11.2660956598284
7497,8.344370167598367
7498,-9.194085075020974
7499,54.19025391555164
7500,-0.03786117984119802
7501,33.17756008066236
7502,110.37314146404826
7503,-13.63050140620381
7504,-28.092768744176944
7505,-0.16299232546713036
7506,-39.02432916894327
7507,-44.102759547777886
7508,0.022835108430638622
7509,-38.339132131625924
7510,-29.724325171968104
7511,-47.0303888582688
7512,-34.751120185042694
7513,-0.12094909978695605
7514,-25.405774091010333
7515,-23.07622460943626
7516,-18.499509655374492
7517,-19.44517449472272
7518,-0.05765778651792907
7519,-18.092601599160588
7520,-16.262931499848804
7521,-15.828141352794955
7522,-16.54384925583862
7523,-0.12176260957611139
7524,-16.572497785138722
7525,-14.427522817094713
7526,-14.457814916013557
7527,-14.647392307803365
7528,-0.03881287794221624
7529,13.142726311204465
7530,15.968022050698908
7531,13.797635639140879
7532,-18.63962690451038
7533,0.003372570798133637
7534,-12.978120948023596
7535,14.808042489790974
7536,25.29632667280063
7537,101.71304932364494
7538,-0.5392427632122011
7539,-43.88537677010659
7540,-42.75032859411058
7541,-39.90637517022819
7542,-37.16361101671155
7543,-0.5643174319043264
7544,-23.445204737083216
7545,-18.40178250496308
7546,-21.05470360380361
7547,-20.805697328167827
7548,-0.006417280283539389
7549,-28.51419203259117
7550,-17.805749015444107
7551,-8.046655778151413
7552,8.759811308142037
7553,-0.020781991638238198
7554,-9.015597551655562
7555,-9.080043083368185
7556,9.611621305622387
7557,14.647344669729321
7558,0.0647924834316715
7559,26.029740668600517
7560,20.110925886306696
7561,36.34176042064446
7562,62.51122593476138
7563,0.003938552321576602
7564,39.281458685151115
7565,33.46718366654912
7566,-26.857780038245945
7567,-38.69902775860115
7568,-0.06377403148595227
7569,36.00265661752345
7570,-33.48980726126235
7571,43.00455302908342
7572,45.83213257497687
7573,-0.11495570806986334
7574,-48.21599912864396
7575,-43.20779022582317
7576,-44.7984734037577
7577,36.0273802918508
7578,-0.09271007265040837
7579,-38.10132988178725
7580,-39.55419059153837
7581,28.458449488450977
7582,35.07529509826796
7583,-0.013829599957146561
7584,45.91169614168131
7585,39.70221718058928
7586,-34.28622318526997
7587,-37.56755770681061
7588,-0.10764825420218092
7589,35.12648445949968
7590,-36.37225547669039
7591,67.90588507988312
7592,92.50191244990744
7593,0.013388754368860755
7594,25.836960627582606
7595,-53.54799836084222
7596,-27.281555782759916
7597,-24.513963661699375
7598,-0.1097624288126651
7599,25.46644056774945
7600,25.591857230308776
7601,26.831460239658277
7602,33.69653380628508
7603,0.006208907270953873
7604,73.74068946116071
7605,77.06207579404119
7606,-92.2869803019285
7607,-28.947319372099354
7608,-0.14014255312423052
7609,-33.17841032789542
7610,-36.70992560123098
7611,-24.04771275570081
7612,-25.873990716469482
7613,-0.27584295849745055
7614,-21.942732902508517
7615,-23.495921838624362
7616,-160.60078910366425
7617,8.767026983966941
7618,-0.028689600518187752
7619,-10.06922406323365
7620,-6.472193210571197
7621,6.846188421148948
7622,-7.793171069859057
7623,0.06779183966759632
7624,-5.299266226652923
7625,5.299303802977371
7626,-5.795560638311075
7627,6.356204598504095
7628,0.031320133082593016
7629,-6.7355230029832605
7630,8.531487586729332
7631,10.289982726267132
7632,-9.222909920058816
7633,-0.0377002559521789
7634,-5.8365424212621075
7635,19.604266614416346
7636,14.628977668551602
7637,20.321476548400334
7638,0.15734953254100964
7639,-18.65732491789212
7640,-14.149810590682252
7641,19.184582200612674
7642,-13.437359766878426
7643,-0.02655282675181855
7644,-27.51929941692546
7645,-5.652718331581041
7646,-3.936410944323061
7647,3.856058205803665
7648,0.022102920007987165
7649,3.9992845914382693
7650,7.100800289834756
7651,9.997717997826252
7652,7.242723923746074
7653,-0.03021041111203052
7654,9.263864428300947
7655,-10.784485972934007
7656,6.420150520986798
7657,6.786948196562875
7658,-0.04502376700715474
7659,-7.011305393120011
7660,-6.9864506417219205
7661,5.6091048636164915
7662,-5.345756237052279
7663,-0.021877407228188886
7664,-5.897315349113056
7665,-5.124838022054137
7666,5.701052214905797
7667,4.932285502427948
7668,-0.033005741981367694
7669,5.075462735948877
7670,4.713490346596283
7671,5.339092795375815
7672,-4.7161173641465535
7673,-0.027010519607368125
7674,4.276921421721151
7675,-4.273970009866655
7676,4.478481151906698
7677,4.436117994747865
7678,0.10511550110156631
7679,4.730429605622704
7680,5.012846261983901
7681,-4.219886149121914
7682,-4.088287546060389
7683,-0.02861859682336665
7684,4.222631511207486
7685,-4.226619814135554
7686,-4.7165150176046255
7687,-4.523416464441243
7688,-0.030890560666607947
7689,5.487662002828423
7690,5.285755291310108
7691,5.836672433944531
7692,6.73577453782304
7693,-0.030541923304279437
7694,10.857316876176466
7695,-9.379978749475073
7696,7.647923785618846
7697,7.631392552022239
7698,0.026883848279487463
7699,-13.390257224833126
7700,-4.705090497678071
7701,-4.826430699821537
7702,4.581299888326108
7703,-0.0366658000514515
7704,-4.872620715373565
7705,-5.349068413629352
7706,5.273182795079562
7707,5.526327457512813
7708,-0.00936463743913343
7709,5.299271858622653
7710,-5.018100227163406
7711,-5.203868252079792
7712,-4.803765896365589
7713,0.018586370189506034
7714,4.534833517814726
7715,4.648989490421296
7716,4.454080758822383
7717,4.681371582182332
7718,-0.03612511708177741
7719,4.422254633999863
7720,-4.456260897706565
7721,-3.7998979491423506
7722,-4.177237309810328
7723,-0.03758472874469785
7724,4.1777632896058705
7725,-4.415861762089478
7726,4.714678545299702
7727,-4.906068058769296
7728,0.1642790015622361
7729,10.281337698814763
7730,24.86590373088828
7731,-13.203588919469421
7732,-26.673072848140905
7733,0.012377406051574284
7734,-14.979587080436582
7735,8.330181531987002
7736,17.192678122499085
7737,8.812738280584046
7738,-0.045673297076148506
7739,8.674652629249369
7740,-16.06316378467719
7741,-12.92482005620274
7742,-7.016628729442491
7743,-0.02741645916537888
7744,7.555291550798325
7745,-5.855012742369313
7746,13.395603254010405
7747,-16.301969253814995
7748,0.03517405481257434
7749,-4.193174491450125
7750,4.362796092360979
7751,2.837419606806807
7752,2.874149640611157
7753,-0.07438890641482246
7754,2.8968197619939886
7755,-3.1494823708356408
7756,3.236460210968802
7757,-2.9127741732419548
7758,-0.04219172872347169
7759,-3.0682888175373377
7760,-2.9355600445201433
7761,3.4624414086134765
7762,3.5249486393517455
7763,-0.015539962520166888
7764,3.598693636603032
7765,-3.7221969036518727
7766,3.6235749774519377
7767,4.218428839800024
7768,-0.018434504038069992
7769,5.014262157719675
7770,4.841450106007591
7771,5.430459511508703
7772,6.002654480719093
7773,-0.02115167441516005
7774,6.618926274189819
7775,6.100142116637119
7776,6.322967588234563
7777,5.911408027233896
7778,0.020096992322740374
7779,6.129123637930664
7780,-5.743844271989097
7781,-5.514536981271743
7782,5.062707417915504
7783,-0.05053958003341362
7784,5.2488312884847526
7785,-4.943830437952186
7786,5.7376764727401826
7787,4.88331302661145
7788,0.01373467614123062
7789,4.877884796439402
7790,-4.60478378019836
7791,4.694776362694423
7792,-5.760423079932873
7793,-0.017951489677096012
7794,-4.866094486848889
7795,-4.486359192717753
7796,5.154828302511178
7797,5.894185489200602
7798,-0.010068598811153935
7799,6.653714922009254
7800,5.488846260522689
7801,5.975592924835664
7802,5.845883015617552
7803,0.03020578223867932
7804,6.290935085068515
7805,-6.153015429897031
7806,-6.308742933860558
7807,5.617282533989402
7808,-0.0762656713712847
7809,5.306347317603401
7810,5.599460377812691
7811,-5.142634633739887
7812,-4.89089610569637
7813,0.0024304873118772582
7814,5.084930249291308
7815,-5.105898453734937
7816,5.335064655512089
7817,-6.108645190608012
7818,-0.026755221859683084
7819,-6.524298959636188
7820,6.160824446642136
7821,6.851325995164573
7822,-5.413926550124082
7823,-0.016702134890719044
7824,-8.163949064083512
7825,-5.068112466361803
7826,5.6911534721407575
7827,-6.103322351033697
7828,-0.037663465496868984
7829,5.823236011877023
7830,-5.5152922751806255
7831,-5.057232749216927
7832,5.002104380664422
7833,-0.014417232876083276
7834,4.94487307766862
7835,-5.502094395745692
7836,-6.432152522564151
7837,-5.991760298094917
7838,0.012809075581061445
7839,-5.408752837282363
7840,-5.178101503152353
7841,-4.637960112095472
7842,-4.663024062954393
7843,-0.03818778016665468
7844,-5.0298399640812805
7845,-5.0327550652483275
7846,-5.192898100462684
7847,-4.860214192436579
7848,-0.015115057069312912
7849,-5.139932496496603
7850,-5.133362787739678
7851,4.555000477527271
7852,6.058826803992856
7853,0.07467816454435182
7854,5.777559556476215
7855,8.0538195617175
7856,6.247368891072614
7857,4.573426924590081
7858,-0.04321895223382016
7859,5.205727871727793
7860,6.065920818312039
7861,5.802428161147369
7862,-5.229738611277841
7863,-0.07557586041934729
7864,5.4376404366130915
7865,5.916846875610459
7866,6.590178237113467
7867,6.6167744656534895
7868,0.2226888344131978
7869,6.852880567503295
7870,-7.019025278998746
7871,7.8691209029683264
7872,-7.838055172246703
7873,-0.04830225377415309
7874,8.258884296630608
7875,9.603675498166517
7876,10.360430129120246
7877,21.148087155493304
7878,-0.06465511162244364
7879,-21.75015592948002
7880,-13.043597343880021
7881,-10.749976521072488
7882,-13.117709464899805
7883,-0.03465633576132333
7884,12.012613624801105
7885,12.082893867137631
7886,14.628211904369545
7887,15.376018915130029
7888,-0.011534474407002891
7889,22.936436942312536
7890,34.35207852666337
7891,-25.840477385377643
7892,22.939241556596357
7893,-0.03765738226814223
7894,-26.640497344198753
7895,-24.859687338472042
7896,-12.076178785342057
7897,-12.996234578885362
7898,0.01914790642427264
7899,-10.51687501326663
7900,59.05043891487305
7901,-61.38039470479757
7902,59.901338250097275
7903,0.10608490331833079
7904,-61.164726543077485
7905,-7.821029599909772
7906,6.872639846826843
7907,-7.209810307561855
7908,0.020568697167169216
7909,-7.166891833297665
7910,9.871874143687803
7911,-9.997410249286457
7912,9.67554860689691
7913,-0.0267573344987221
7914,-10.229039461738004
7915,8.407435797943824
7916,-8.982645092592852
7917,74.13292082596351
7918,0.011959003295527099
7919,-77.7824362387847
7920,74.30426395192805
7921,-77.06001821444946
7922,84.9075411359851
7923,-0.00447595490085172
7924,-83.29800795743915
7925,7.586515993334563
7926,128.22746283024006
7927,-130.53504836265438
7928,0.009719997444784453
7929,-6.660876488534713
7930,-6.315987624602881
7931,6.290064632489201
7932,-6.8363972286180825
7933,-0.10380286667159513
7934,-3.5446470188927015
7935,-3.5396521438773516
7936,5.6196868664794435
7937,150.4999110349397
7938,0.01952010924063138
7939,-151.78666310939207
7940,157.7444613223381
7941,-157.08114021340515
7942,-7.706210958773569
7943,0.021181066220740973
7944,-3.879655039195721
7945,4.2862088060844
7946,8.751362814381645
7947,-8.497676237165795
7948,0.056335243504027126
7949,-4.557170552427386
7950,65.50793306361791
7951,0.0012584082309403844
7952,-0.0014279086240150457
7953,0.0001195994415694752
7954,-0.02497788747619675
7955,-0.0
7956,-0.0008743093567799683
7957,-0.0016150205553553734
7958,0.00037498463154441515
7959,-0.0036135768538878617
7960,-0.000727848421862045
7961,-0.0
7962,-0.0026420445937795217
7963,-0.0
7964,-0.0
7965,-1.331895181498929e-05
7966,-0.007574295716937077
7967,-2.6853650124723677e-05
7968,0.0005609945521045041
7969,-0.0005614163807709778
7970,0.000271096636821677
7971,-0.00011603751611016569
7972,-0.00039266224015909395
7973,-5.9027732153599855e-05
7974,0.00030217476771441043
7975,-0.00019890757561674493
7976,0.0018720445619081413
7977,6.031677075772962e-05
7978,7.79069492185686e-06
7979,7.95331783810618e-05
7980,-0.0
7981,0.0004875258485676744
7982,0.0013674691640632023
7983,0.0003823578013108938
7984,-0.0066320051934118185
7985,-0.0
7986,-0.0031463253342393117
7987,-0.0
7988,-0.0004573464573502591
7989,2.4433595492863124e-05
7990,-0.00182394076789595
7991,-0.0
7992,-0.0013933868085655532
7993,-0.0
7994,-0.0
7995,-0.0
7996,-0.0
7997,-0.0
7998,-0.0
7999,-0.0
8000,0.0003770391453622061
8001,-0.0003063900911702995
8002,-0.0
8003,-0.004326963097488366
8004,-0.0
8005,-0.0
8006,-0.0
8007,-0.0
8008,-0.0
8009,-0.0
8010,-0.0001859313230856765
8011,-0.0
8012,-0.0
8013,-0.0
8014,-0.0014120919581079735
8015,-0.0
8016,0.00019972774841173533
8017,0.0001246073383252779
8018,-0.0
8019,-0.0
8020,-0.0
8021,0.00020276265796098517
8022,0.0004231120869234603
8023,-2.6562436928440278e-05
8024,-0.0
8025,-0.0
8026,-1.483765150337732e-05
8027,-0.005739155181970951
8028,-1.1048426547960677e-05
8029,-0.0
8030,-0.0008319564100780786
8031,-0.0
8032,9.711484068495991e-05
8033,-2.4035118291570894e-05
8034,-0.0
8035,-0.0
8036,-0.0
8037,-0.0
8038,-0.0001576003770607088
8039,-4.68328779679479e-05
8040,-3.183696853649867e-05
8041,6.193767809859347e-05
8042,-0.0
8043,-0.0005231495963405234
8044,7.981808101025674e-05
8045,7.888586513722088e-05
8046,0.00017003759264901415
8047,7.973074173674274e-05
8048,0.00046304067452064074
8049,-0.001237159883902042
8050,-0.0
8051,-0.0
8052,-0.0
8053,0.00010150204912318004
8054,0.00026089975257348686
8055,-0.00010954147237443979
8056,-2.545190382360388e-05
8057,-0.00012276032413158347
8058,-0.0
8059,-0.0
8060,-0.0
8061,-0.0
8062,-0.0
8063,-0.0
8064,-0.0
8065,-0.0
8066,-0.0
8067,-0.0
8068,-0.0
8069,3.818320203795719e-05
8070,4.853367425034485e-05
8071,5.121199639067126e-05
8072,-0.0025141750342511393
8073,0.00026195260753935257
8074,-0.00017863924516598546
8075,-0.0
8076,-0.0
8077,-1.8800825416040486e-05
8078,0.0005577167766550081
8079,1.0156102956082787e-05
8080,-0.0
8081,-0.0
8082,-0.0
8083,-0.0
8084,-0.0
8085,-0.0
8086,-0.005702999881313111
8087,-0.0
8088,-0.0
8089,-0.0
8090,-0.0
8091,-0.0
8092,-0.0
8093,-0.0
8094,5.4071520178526295e-05
8095,-0.0
8096,-0.0
8097,-0.0
8098,-0.0
8099,-0.0
8100,-0.0
8101,-0.0
8102,-0.0015674551487215433
8103,-0.0
8104,-0.0020965395474673294
8105,-0.0
8106,-0.0
8107,0.0001393059120632679
8108,-0.00016448805816051123
8109,-0.0
8110,0.0004336596392470428
8111,-0.0
8112,-0.0
8113,-0.0
8114,-0.0
8115,-0.000364060566048839
8116,-0.0
8117,-0.0
8118,-0.0001695410711025322
8119,-0.0
8120,-0.0
8121,-0.0
8122,-0.0
8123,-0.0
8124,-0.0
8125,-0.0
8126,-0.0
8127,-0.0
8128,-0.0
8129,-0.0
8130,-0.0
8131,-0.0
8132,-0.0
8133,-0.0
8134,0.001357097463059699
8135,-0.0
8136,-0.0
8137,-0.0
8138,-0.0
8139,-0.0
8140,-0.0
8141,-0.0
8142,-0.0
8143,-0.0
8144,-0.0
8145,-0.0
8146,-0.0
8147,-0.0
8148,-0.0
8149,-0.0
8150,-0.0
8151,-0.0
8152,-0.0
8153,-0.0
8154,-0.0
8155,-0.0
8156,-0.0
8157,-0.0
8158,-0.0
8159,-0.0
8160,1.3929819027058012
8161,0.0013158050515025591
8162,0.0004735538317735701
8163,0.00015271359749604265
8164,-0.02172617424943411
8165,0.002150389234944217
8166,-0.006687929425264237
8167,0.0001293502004870927
8168,-0.0007857967982714352
8169,-1.8124060503075892e-05
8170,-0.0
8171,0.00018241591828474318
8172,-0.0
8173,-0.0
8174,-0.0
8175,-0.0
8176,0.00010007946022165288
8177,-0.0
8178,-0.0
8179,-0.0
8180,-0.0
8181,-0.0
8182,-5.632324437626517e-05
8183,-0.00013678753629330296
8184,-8.757146475203118e-05
8185,-0.0
8186,-0.0
8187,-0.0
8188,-0.0
8189,-0.0007257532748774076
8190,-0.0
8191,-8.636427727271679e-05
8192,0.0003399927236069752
8193,-8.103961621339907e-05
8194,-0.0
8195,-0.0026552579898570434
8196,-0.0
8197,-0.0
8198,-0.0
8199,-3.595431767807461e-05
8200,-0.0007836594992573784
8201,-4.078439044287977e-05
8202,-0.0
8203,-0.0
8204,-0.0
8205,-0.0
8206,-0.0
8207,-0.0
8208,-0.0022271136526657567
8209,-0.0
8210,-0.0
8211,-0.0
8212,-0.0
8213,-0.0
8214,-0.0
8215,-1.36162441805369e-05
8216,-3.887738143566801e-05
8217,-1.8490458195491454e-05
8218,8.732398321448906e-05
8219,6.233976378726922e-05
8220,9.383525004890402e-06
8221,-0.0
8222,-0.0
8223,-0.0
8224,-9.61898895738638e-05
8225,-0.0
8226,-0.0
8227,-0.0
8228,-0.0
8229,-0.0
8230,-0.0
8231,-1.3153217544847358e-05
8232,-0.00012552392472015301
8233,-1.3690294771429619e-05
8234,-0.0
8235,-0.0
8236,-0.0
8237,-0.0
8238,-0.0
8239,-0.0
8240,-0.0
8241,-0.0
8242,-0.0
8243,-0.0
8244,-0.0
8245,-0.0
8246,-0.0
8247,-0.0
8248,-0.0
8249,-0.004451189198986811
8250,-0.0
8251,-0.00015919334689845402
8252,-0.0
8253,-0.0
8254,-0.0
8255,-0.0
8256,-0.0
8257,-0.0
8258,-0.0005000187638340773
8259,-0.0
8260,-0.0
8261,-0.0016799595673194468
8262,-0.0
8263,0.000641933534080004
8264,0.0013519012868152928
8265,0.0006674672095632627
8266,-0.0
8267,-0.0
8268,-0.0
8269,-0.0
8270,-0.0
8271,-0.0
8272,-0.0
8273,-0.0
8274,-0.0
8275,-0.0
8276,-0.0
8277,-0.0
8278,-0.0
8279,-0.0
8280,0.0004298278377128552
8281,-0.0
8282,-0.0
8283,-0.0
8284,-0.0
8285,-0.0
8286,-0.0
8287,-0.0
8288,-0.0
8289,-0.0
8290,-0.0
8291,-0.0
8292,-0.0
8293,-0.0
8294,-0.0
8295,-0.0
8296,-0.0
8297,-0.0
8298,-0.0
8299,-0.0
8300,-0.0
8301,-0.0
8302,-0.0
8303,-0.0
8304,-0.0
8305,-0.0
8306,-0.0
8307,-0.0
8308,-0.0
8309,-0.0
8310,-0.0
8311,-0.0
8312,-0.0
8313,-0.0
8314,-0.0
8315,-0.0
8316,-0.0
8317,-0.0
8318,-0.0
8319,-0.0
8320,-0.0
8321,-0.0
8322,-0.0
8323,-0.0
8324,-0.0
8325,-0.0
8326,-0.0
8327,-0.0
8328,-0.0
8329,-0.0
8330,-0.0
8331,-0.0
8332,-0.0
8333,-0.0
8334,-0.0
8335,-0.0
8336,-0.0
8337,-0.0
8338,-0.0
8339,-0.0
8340,-0.0
8341,-0.0
8342,-0.0
8343,-0.0
8344,-0.0
8345,-0.0
8346,-0.0
8347,-0.0
8348,-0.0
8349,-0.0
8350,-0.0
8351,-0.0
8352,-0.0
8353,-0.0
8354,-0.0
8355,-0.0
8356,-0.0
8357,-0.0
8358,-0.0
8359,-0.0
8360,-0.0
8361,-0.0
8362,-0.0
8363,-0.0
8364,-0.0
8365,-0.0
8366,-0.0
8367,-0.0
8368,-0.0
8369,1.3199633451645807
8370,0.0011580371035789124
8371,-0.0032408510147371363
8372,0.00020560658989426218
8373,-0.008681270756465504
8374,0.0003011679417073217
8375,-0.0006048222150964547
8376,0.0005945857156178163
8377,-0.004111821589238187
8378,0.0004645416018678254
8379,-0.0
8380,7.213135116032028e-05
8381,-0.0
8382,-0.0
8383,-0.0
8384,-0.0005070852775270975
8385,-0.006404253985981812
8386,-0.0002987835876534551
8387,-0.0
8388,-0.0
8389,-0.0
8390,-0.0
8391,-0.0009385055520434845
8392,-0.0
8393,-0.0022348324201256465
8394,-0.0
8395,-0.0
8396,-0.0
8397,-0.0
8398,-0.0
8399,-0.0
8400,-0.0029029958386565585
8401,0.00010982131950317017
8402,-0.000911743434158509
8403,-0.003810678952803322
8404,-0.0
8405,-0.0
8406,-0.0
8407,-0.0
8408,-0.0
8409,-0.0011109574368930425
8410,-0.0
8411,-0.0
8412,-7.993018878444646e-06
8413,-0.0
8414,-0.0
8415,-0.000912602284169891
8416,-0.0
8417,-0.0
8418,-0.0
8419,-0.0
8420,-0.0
8421,-0.0
8422,-0.0
8423,-5.390884271686475e-05
8424,-0.0
8425,-0.0
8426,-0.0
8427,-0.0
8428,-0.0
8429,-0.0
8430,-0.0
8431,-0.0016715813915880293
8432,2.321613430132235e-05
8433,0.0001315072213777215
8434,2.041961360732314e-05
8435,-0.0
8436,-0.0
8437,-0.0
8438,0.0002322094098082169
8439,-0.003228097875537262
8440,-0.0
8441,-0.0006119069443188523
8442,-0.0
8443,-0.0
8444,-0.0
8445,-0.0
8446,-0.0
8447,-0.0013458067051296328
8448,-0.0
8449,-0.0
8450,-0.0
8451,-0.0
8452,-0.0
8453,-0.0
8454,-0.0
8455,-0.0
8456,-0.0
8457,-0.0
8458,-0.0
8459,5.377976897071544e-05
8460,-4.954697360989331e-06
8461,-0.0
8462,-0.0
8463,-0.0
8464,-0.0
8465,-0.0
8466,-0.0
8467,-0.0
8468,-0.0010938766123238441
8469,-0.0
8470,-0.0
8471,-0.0
8472,-0.0
8473,-0.0022730956312910916
8474,-0.0
8475,-0.0
8476,-0.0
8477,-0.0
8478,-0.0
8479,-0.0
8480,-0.0
8481,-0.0
8482,-0.0
8483,-0.0
8484,-0.0
8485,-0.0
8486,-0.0
8487,-0.0
8488,-7.625504783832874e-05
8489,-0.0006813121161813082
8490,-0.0
8491,-0.0
8492,-0.0
8493,-0.0
8494,-0.0
8495,-0.0
8496,-0.0
8497,-0.0002986242305910689
8498,-2.3048225350413436e-05
8499,-0.0
8500,-0.0
8501,-0.0
8502,-0.0
8503,-0.0
8504,-0.0
8505,-0.0
8506,-0.0
8507,-0.0
8508,-0.0
8509,-0.0
8510,-0.0
8511,-0.0
8512,-0.0
8513,-0.0
8514,-0.0
8515,-0.0
8516,-0.0
8517,-0.0
8518,-0.0
8519,-0.0
8520,-0.0
8521,-0.0
8522,-0.0
8523,-0.0
8524,-0.0
8525,-0.0
8526,-0.0
8527,-0.0
8528,-0.0
8529,-0.0
8530,-0.0
8531,-4.7725362579550374e-06
8532,-0.0
8533,4.7725362579550374e-06
8534,-0.0
8535,-0.0
8536,-0.0
8537,-0.0
8538,-0.0
8539,-0.0
8540,-0.0
8541,-0.0
8542,-0.0
8543,-0.0
8544,-0.0
8545,-0.0
8546,-0.0
8547,-0.0
8548,-0.0
8549,-0.0
8550,-0.0
8551,-0.0
8552,-0.0
